date,component,reliability,effective_weight,instability,pruned,below_streak,reactivate_streak
2024-02-29,rsi,0.41180000000000005,0.2,0.0,False,0,0
2024-02-29,macd,0.41180000000000005,0.2,0.0,False,0,0
2024-02-29,bb,0.41180000000000005,0.2,0.0,False,0,0
2024-02-29,ema,0.41180000000000005,0.2,0.0,False,0,0
2024-02-29,volume,0.41180000000000005,0.2,0.0,False,0,0
2024-03-01,rsi,0.3409224800000001,0.2,0.5,False,0,0
2024-03-01,macd,0.3409224800000001,0.2,0.5,False,0,0
2024-03-01,bb,0.3409224800000001,0.2,0.5,False,0,0
2024-03-01,ema,0.3409224800000001,0.2,0.5,False,0,0
2024-03-01,volume,0.3409224800000001,0.2,0.5,False,0,0
2024-03-04,rsi,0.3,0.2,0.3333333333333333,False,0,0
2024-03-04,macd,0.3,0.2,0.3333333333333333,False,0,0
2024-03-04,bb,0.3,0.2,0.3333333333333333,False,0,0
2024-03-04,ema,0.3,0.2,0.3333333333333333,False,0,0
2024-03-04,volume,0.3,0.2,0.3333333333333333,False,0,0
2024-03-05,rsi,0.3,0.1793380144781934,0.5,False,0,0
2024-03-05,macd,0.3,0.1793380144781934,0.5,False,0,0
2024-03-05,bb,0.3,0.1793380144781934,0.5,False,0,0
2024-03-05,ema,0.42747999999999997,0.2826479420872264,0.25,False,0,0
2024-03-05,volume,0.3,0.1793380144781934,0.5,False,0,0
2024-03-06,rsi,0.3,0.16919937549797992,0.4,False,0,0
2024-03-06,macd,0.3,0.16919937549797992,0.4,False,0,0
2024-03-06,bb,0.3,0.16919937549797992,0.4,False,0,0
2024-03-06,ema,0.5299229280000001,0.3232024980080803,0.2,False,0,0
2024-03-06,volume,0.3,0.16919937549797992,0.4,False,0,0
2024-03-07,rsi,0.33927999999999997,0.17352047399446163,0.5,False,0,0
2024-03-07,macd,0.33927999999999997,0.17352047399446163,0.5,False,0,0
2024-03-07,bb,0.33927999999999997,0.17352047399446163,0.5,False,0,0
2024-03-07,ema,0.5240460649408001,0.3059181040221534,0.16666666666666666,False,0,0
2024-03-07,volume,0.33927999999999997,0.17352047399446163,0.5,False,0,0
2024-03-08,rsi,0.459045408,0.18514063227786998,0.42857142857142855,False,0,0
2024-03-08,macd,0.459045408,0.18514063227786998,0.42857142857142855,False,0,0
2024-03-08,bb,0.459045408,0.18514063227786998,0.42857142857142855,False,0,0
2024-03-08,ema,0.6075234177864269,0.2594374708885201,0.2857142857142857,False,0,0
2024-03-08,volume,0.459045408,0.18514063227786998,0.42857142857142855,False,0,0
2024-03-11,rsi,0.5552888898688,0.18713541896487465,0.5,False,0,0
2024-03-11,macd,0.5552888898688,0.18713541896487465,0.5,False,0,0
2024-03-11,bb,0.5552888898688,0.18713541896487465,0.5,False,0,0
2024-03-11,ema,0.6746058185331727,0.2514583241405015,0.25,False,0,0
2024-03-11,volume,0.5552888898688,0.18713541896487465,0.5,False,0,0
2024-03-12,rsi,0.6326301518985677,0.19213790484432888,0.4444444444444444,False,0,0
2024-03-12,macd,0.6326301518985677,0.19213790484432888,0.4444444444444444,False,0,0
2024-03-12,bb,0.6326301518985677,0.19213790484432888,0.4444444444444444,False,0,0
2024-03-12,ema,0.7285132357732577,0.2314483806226845,0.3333333333333333,False,0,0
2024-03-12,volume,0.6326301518985677,0.19213790484432888,0.4444444444444444,False,0,0
2024-03-13,rsi,0.5183815900656892,0.19061782417040496,0.5,False,0,0
2024-03-13,macd,0.5183815900656892,0.19061782417040496,0.5,False,0,0
2024-03-13,bb,0.5183815900656892,0.19061782417040496,0.5,False,0,0
2024-03-13,ema,0.5954332362673899,0.23752870331838002,0.3,False,0,0
2024-03-13,volume,0.5183815900656892,0.19061782417040496,0.5,False,0,0
2024-03-14,rsi,0.6029714457767879,0.19438565035424923,0.45454545454545453,False,0,0
2024-03-14,macd,0.6029714457767879,0.19438565035424923,0.45454545454545453,False,0,0
2024-03-14,bb,0.6029714457767879,0.19438565035424923,0.45454545454545453,False,0,0
2024-03-14,ema,0.6648901486644745,0.22245739858300304,0.36363636363636365,False,0,0
2024-03-14,volume,0.6029714457767879,0.19438565035424923,0.45454545454545453,False,0,0
2024-03-15,rsi,0.49454785382622674,0.19310857439798818,0.5,False,0,0
2024-03-15,macd,0.49454785382622674,0.19310857439798818,0.5,False,0,0
2024-03-15,bb,0.49454785382622674,0.19310857439798818,0.5,False,0,0
2024-03-15,ema,0.5443057234667718,0.2275657024080471,0.3333333333333333,False,0,0
2024-03-15,volume,0.49454785382622674,0.19310857439798818,0.5,False,0,0
2024-03-18,rsi,0.5838186553347559,0.19597088739569968,0.46153846153846156,False,0,0
2024-03-18,macd,0.5838186553347559,0.19597088739569968,0.46153846153846156,False,0,0
2024-03-18,bb,0.5838186553347559,0.19597088739569968,0.46153846153846156,False,0,0
2024-03-18,ema,0.6238040793778977,0.21611645041720134,0.38461538461538464,False,0,0
2024-03-18,volume,0.5838186553347559,0.19597088739569968,0.46153846153846156,False,0,0
2024-03-19,rsi,0.6555566714270099,0.1955955040695359,0.5,False,0,0
2024-03-19,macd,0.6555566714270099,0.1955955040695359,0.5,False,0,0
2024-03-19,bb,0.6555566714270099,0.1955955040695359,0.5,False,0,0
2024-03-19,ema,0.6876889581880787,0.21761798372185642,0.35714285714285715,False,0,0
2024-03-19,volume,0.6555566714270099,0.1955955040695359,0.5,False,0,0
2024-03-20,rsi,0.7132053411587453,0.19742935090724567,0.4666666666666667,False,0,0
2024-03-20,macd,0.7132053411587453,0.19742935090724567,0.4666666666666667,False,0,0
2024-03-20,bb,0.7132053411587453,0.19742935090724567,0.4666666666666667,False,0,0
2024-03-20,ema,0.7390268467999401,0.2102825963710174,0.4,False,0,0
2024-03-20,volume,0.7132053411587453,0.19742935090724567,0.4666666666666667,False,0,0
2024-03-21,rsi,0.5831318121551677,0.1962707477170737,0.5333333333333333,False,0,0
2024-03-21,macd,0.5831318121551677,0.1962707477170737,0.5333333333333333,False,0,0
2024-03-21,bb,0.5831318121551677,0.1962707477170737,0.5333333333333333,False,0,0
2024-03-21,ema,0.6038819740884319,0.2149170091317052,0.4,False,0,0
2024-03-21,volume,0.5831318121551677,0.1962707477170737,0.5333333333333333,False,0,0
2024-03-22,rsi,0.6550047242478929,0.19786088675079802,0.4666666666666667,False,0,0
2024-03-22,macd,0.6550047242478929,0.19786088675079802,0.4666666666666667,False,0,0
2024-03-22,bb,0.6550047242478929,0.19786088675079802,0.4666666666666667,False,0,0
2024-03-22,ema,0.6716795543774638,0.208556452996808,0.4,False,0,0
2024-03-22,volume,0.6550047242478929,0.19786088675079802,0.4666666666666667,False,0,0
2024-03-25,rsi,0.5363617964056068,0.19670350750879737,0.5333333333333333,False,0,0
2024-03-25,macd,0.5363617964056068,0.19670350750879737,0.5333333333333333,False,0,0
2024-03-25,bb,0.5363617964056068,0.19670350750879737,0.5333333333333333,False,0,0
2024-03-25,ema,0.54976168989773,0.21318596996481054,0.4,False,0,0
2024-03-25,volume,0.5363617964056068,0.19670350750879737,0.5333333333333333,False,0,0
2024-03-26,rsi,0.44102033959154563,0.19902808782756237,0.4666666666666667,False,0,0
2024-03-26,macd,0.44102033959154563,0.19902808782756237,0.4666666666666667,False,0,0
2024-03-26,bb,0.44102033959154563,0.19902808782756237,0.4666666666666667,False,0,0
2024-03-26,ema,0.45178849400181587,0.20388764868975054,0.4666666666666667,False,0,0
2024-03-26,volume,0.44102033959154563,0.19902808782756237,0.4666666666666667,False,0,0
2024-03-27,rsi,0.5408039448957661,0.19821022702553512,0.5333333333333333,False,0,0
2024-03-27,macd,0.5408039448957661,0.19821022702553512,0.5333333333333333,False,0,0
2024-03-27,bb,0.5408039448957661,0.19821022702553512,0.5333333333333333,False,0,0
2024-03-27,ema,0.5494572337798592,0.2071590918978596,0.4666666666666667,False,0,0
2024-03-27,volume,0.5408039448957661,0.19821022702553512,0.5333333333333333,False,0,0
2024-03-28,rsi,0.4445900501182377,0.20050864064654916,0.4666666666666667,False,0,0
2024-03-28,macd,0.4445900501182377,0.20050864064654916,0.4666666666666667,False,0,0
2024-03-28,bb,0.4445900501182377,0.20050864064654916,0.4666666666666667,False,0,0
2024-03-28,ema,0.4515438330654949,0.19796543741380337,0.5333333333333333,False,0,0
2024-03-28,volume,0.4445900501182377,0.20050864064654916,0.4666666666666667,False,0,0
2024-04-01,rsi,0.36727256427501587,0.19824198835627102,0.5333333333333333,False,0,0
2024-04-01,macd,0.36727256427501587,0.19824198835627102,0.5333333333333333,False,0,0
2024-04-01,bb,0.36727256427501587,0.19824198835627102,0.5333333333333333,False,0,0
2024-04-01,ema,0.37286062425143174,0.20703204657491595,0.4666666666666667,False,0,0
2024-04-01,volume,0.36727256427501587,0.19824198835627102,0.5333333333333333,False,0,0
2024-04-02,rsi,0.3051402326514028,0.20054477852907593,0.4666666666666667,False,0,0
2024-04-02,macd,0.3051402326514028,0.20054477852907593,0.4666666666666667,False,0,0
2024-04-02,bb,0.3051402326514028,0.20054477852907593,0.4666666666666667,False,0,0
2024-04-02,ema,0.3096307976484506,0.1978208858836962,0.5333333333333333,False,0,0
2024-04-02,volume,0.3051402326514028,0.20054477852907593,0.4666666666666667,False,0,0
2024-04-03,rsi,0.4316106909586673,0.19851947348365756,0.5333333333333333,False,0,0
2024-04-03,macd,0.4316106909586673,0.19851947348365756,0.5333333333333333,False,0,0
2024-04-03,bb,0.4316106909586673,0.19851947348365756,0.5333333333333333,False,0,0
2024-04-03,ema,0.4352193089902949,0.20592210606536976,0.4666666666666667,False,0,0
2024-04-03,volume,0.4316106909586673,0.19851947348365756,0.5333333333333333,False,0,0
2024-04-04,rsi,0.35684235125438507,0.20080275177533086,0.4666666666666667,False,0,0
2024-04-04,macd,0.35684235125438507,0.20080275177533086,0.4666666666666667,False,0,0
2024-04-04,bb,0.35684235125438507,0.20080275177533086,0.4666666666666667,False,0,0
2024-04-04,ema,0.359742236704601,0.19678899289867652,0.5333333333333333,False,0,0
2024-04-04,volume,0.35684235125438507,0.20080275177533086,0.4666666666666667,False,0,0
2024-04-05,rsi,0.47315851346802384,0.1986588577278505,0.5333333333333333,False,0,0
2024-04-05,macd,0.47315851346802384,0.1986588577278505,0.5333333333333333,False,0,0
2024-04-05,bb,0.47315851346802384,0.1986588577278505,0.5333333333333333,False,0,0
2024-04-05,ema,0.47548886141581737,0.205364569088598,0.4666666666666667,False,0,0
2024-04-05,volume,0.47315851346802384,0.1986588577278505,0.5333333333333333,False,0,0
2024-04-08,rsi,0.390230181422904,0.20093327074499132,0.4666666666666667,False,0,0
2024-04-08,macd,0.390230181422904,0.20093327074499132,0.4666666666666667,False,0,0
2024-04-08,bb,0.390230181422904,0.20093327074499132,0.4666666666666667,False,0,0
2024-04-08,ema,0.39210284903375087,0.19626691702003474,0.5333333333333333,False,0,0
2024-04-08,volume,0.390230181422904,0.20093327074499132,0.4666666666666667,False,0,0
2024-04-09,rsi,0.4999889737914457,0.19873664349570988,0.5333333333333333,False,0,0
2024-04-09,macd,0.4999889737914457,0.19873664349570988,0.5333333333333333,False,0,0
2024-04-09,bb,0.4999889737914457,0.19873664349570988,0.5333333333333333,False,0,0
2024-04-09,ema,0.5014938494835223,0.2050534260171603,0.4666666666666667,False,0,0
2024-04-09,volume,0.4999889737914457,0.19873664349570988,0.5333333333333333,False,0,0
2024-04-10,rsi,0.4117911393388058,0.20100638348793085,0.4666666666666667,False,0,0
2024-04-10,macd,0.4117911393388058,0.20100638348793085,0.4666666666666667,False,0,0
2024-04-10,bb,0.4117911393388058,0.20100638348793085,0.4666666666666667,False,0,0
2024-04-10,ema,0.4130004574449585,0.1959744660482766,0.5333333333333333,False,0,0
2024-04-10,volume,0.4117911393388058,0.20100638348793085,0.4666666666666667,False,0,0
2024-04-11,rsi,0.5173153595726644,0.19878261638016478,0.5333333333333333,False,0,0
2024-04-11,macd,0.5173153595726644,0.19878261638016478,0.5333333333333333,False,0,0
2024-04-11,bb,0.5173153595726644,0.19878261638016478,0.5333333333333333,False,0,0
2024-04-11,ema,0.5182871676027686,0.204869534479341,0.4666666666666667,False,0,0
2024-04-11,volume,0.5173153595726644,0.19878261638016478,0.5333333333333333,False,0,0
2024-04-12,rsi,0.6021146229525931,0.2010708071627229,0.4666666666666667,False,0,0
2024-04-12,macd,0.6021146229525931,0.2010708071627229,0.4666666666666667,False,0,0
2024-04-12,bb,0.6021146229525931,0.2010708071627229,0.4666666666666667,False,0,0
2024-04-12,ema,0.6028955678855848,0.1957167713491084,0.5333333333333333,False,0,0
2024-04-12,volume,0.6021146229525931,0.2010708071627229,0.4666666666666667,False,0,0
2024-04-15,rsi,0.49385931100470387,0.19880732616531838,0.5333333333333333,False,0,0
2024-04-15,macd,0.49385931100470387,0.19880732616531838,0.5333333333333333,False,0,0
2024-04-15,bb,0.49385931100470387,0.19880732616531838,0.5333333333333333,False,0,0
2024-04-15,ema,0.494486878352856,0.20477069533872636,0.4666666666666667,False,0,0
2024-04-15,volume,0.49385931100470387,0.19880732616531838,0.5333333333333333,False,0,0
2024-04-16,rsi,0.40686534232338006,0.20107306685756537,0.4666666666666667,False,0,0
2024-04-16,macd,0.40686534232338006,0.20107306685756537,0.4666666666666667,False,0,0
2024-04-16,bb,0.40686534232338006,0.20107306685756537,0.4666666666666667,False,0,0
2024-04-16,ema,0.4073696554443551,0.19570773256973847,0.5333333333333333,False,0,0
2024-04-16,volume,0.40686534232338006,0.20107306685756537,0.4666666666666667,False,0,0
2024-04-17,rsi,0.33695698909106825,0.19881009169011096,0.5333333333333333,False,0,0
2024-04-17,macd,0.33695698909106825,0.19881009169011096,0.5333333333333333,False,0,0
2024-04-17,bb,0.33695698909106825,0.19881009169011096,0.5333333333333333,False,0,0
2024-04-17,ema,0.3373622551150838,0.2047596332395562,0.4666666666666667,False,0,0
2024-04-17,volume,0.33695698909106825,0.19881009169011096,0.5333333333333333,False,0,0
2024-04-18,rsi,0.3,0.20112179487179488,0.4666666666666667,False,0,0
2024-04-18,macd,0.3,0.20112179487179488,0.4666666666666667,False,0,0
2024-04-18,bb,0.3,0.20112179487179488,0.4666666666666667,False,0,0
2024-04-18,ema,0.3,0.1955128205128205,0.5333333333333333,False,0,0
2024-04-18,volume,0.3,0.20112179487179488,0.4666666666666667,False,0,0
2024-04-19,rsi,0.3,0.1988590057049715,0.5333333333333333,False,0,0
2024-04-19,macd,0.3,0.1988590057049715,0.5333333333333333,False,0,0
2024-04-19,bb,0.3,0.1988590057049715,0.5333333333333333,False,0,0
2024-04-19,ema,0.3,0.20456397718011413,0.4666666666666667,False,0,0
2024-04-19,volume,0.3,0.1988590057049715,0.5333333333333333,False,0,0
2024-04-22,rsi,0.42747999999999997,0.2011217948717949,0.4666666666666667,False,0,0
2024-04-22,macd,0.42747999999999997,0.2011217948717949,0.4666666666666667,False,0,0
2024-04-22,bb,0.42747999999999997,0.2011217948717949,0.4666666666666667,False,0,0
2024-04-22,ema,0.42747999999999997,0.1955128205128205,0.5333333333333333,False,0,0
2024-04-22,volume,0.42747999999999997,0.2011217948717949,0.4666666666666667,False,0,0
2024-04-23,rsi,0.5299229280000001,0.19885900570497148,0.5333333333333333,False,0,0
2024-04-23,macd,0.5299229280000001,0.19885900570497148,0.5333333333333333,False,0,0
2024-04-23,bb,0.5299229280000001,0.19885900570497148,0.5333333333333333,False,0,0
2024-04-23,ema,0.5299229280000001,0.2045639771801141,0.4666666666666667,False,0,0
2024-04-23,volume,0.5299229280000001,0.19885900570497148,0.5333333333333333,False,0,0
2024-04-24,rsi,0.6122460649408,0.20112179487179485,0.4666666666666667,False,0,0
2024-04-24,macd,0.6122460649408,0.20112179487179485,0.4666666666666667,False,0,0
2024-04-24,bb,0.6122460649408,0.20112179487179485,0.4666666666666667,False,0,0
2024-04-24,ema,0.6122460649408,0.1955128205128205,0.5333333333333333,False,0,0
2024-04-24,volume,0.6122460649408,0.20112179487179485,0.4666666666666667,False,0,0
2024-04-25,rsi,0.678400937786427,0.19885900570497145,0.5333333333333333,False,0,0
2024-04-25,macd,0.678400937786427,0.19885900570497145,0.5333333333333333,False,0,0
2024-04-25,bb,0.678400937786427,0.19885900570497145,0.5333333333333333,False,0,0
2024-04-25,ema,0.678400937786427,0.2045639771801141,0.4666666666666667,False,0,0
2024-04-25,volume,0.678400937786427,0.19885900570497145,0.5333333333333333,False,0,0
2024-04-26,rsi,0.5551629936051727,0.20112179487179485,0.4666666666666667,False,0,0
2024-04-26,macd,0.5551629936051727,0.20112179487179485,0.4666666666666667,False,0,0
2024-04-26,bb,0.5551629936051727,0.20112179487179485,0.4666666666666667,False,0,0
2024-04-26,ema,0.5551629936051727,0.19551282051282048,0.5333333333333333,False,0,0
2024-04-26,volume,0.5551629936051727,0.20112179487179485,0.4666666666666667,False,0,0
2024-04-29,rsi,0.6325289816611168,0.19885900570497148,0.5333333333333333,False,0,0
2024-04-29,macd,0.6325289816611168,0.19885900570497148,0.5333333333333333,False,0,0
2024-04-29,bb,0.6325289816611168,0.19885900570497148,0.5333333333333333,False,0,0
2024-04-29,ema,0.6325289816611168,0.20456397718011413,0.4666666666666667,False,0,0
2024-04-29,volume,0.6325289816611168,0.19885900570497148,0.5333333333333333,False,0,0
2024-04-30,rsi,0.5183002896628734,0.20112179487179488,0.4666666666666667,False,0,0
2024-04-30,macd,0.5183002896628734,0.20112179487179488,0.4666666666666667,False,0,0
2024-04-30,bb,0.5183002896628734,0.20112179487179488,0.4666666666666667,False,0,0
2024-04-30,ema,0.5183002896628734,0.19551282051282054,0.5333333333333333,False,0,0
2024-04-30,volume,0.5183002896628734,0.20112179487179488,0.4666666666666667,False,0,0
2024-05-01,rsi,0.42650611277308514,0.19885900570497148,0.5333333333333333,False,0,0
2024-05-01,macd,0.42650611277308514,0.19885900570497148,0.5333333333333333,False,0,0
2024-05-01,bb,0.42650611277308514,0.19885900570497148,0.5333333333333333,False,0,0
2024-05-01,ema,0.42650611277308514,0.20456397718011413,0.4666666666666667,False,0,0
2024-05-01,volume,0.42650611277308514,0.19885900570497148,0.5333333333333333,False,0,0
2024-05-02,rsi,0.5291403122244512,0.20112179487179488,0.4666666666666667,False,0,0
2024-05-02,macd,0.5291403122244512,0.20112179487179488,0.4666666666666667,False,0,0
2024-05-02,bb,0.5291403122244512,0.20112179487179488,0.4666666666666667,False,0,0
2024-05-02,ema,0.5291403122244512,0.19551282051282048,0.5333333333333333,False,0,0
2024-05-02,volume,0.5291403122244512,0.20112179487179488,0.4666666666666667,False,0,0
2024-05-03,rsi,0.611617154903569,0.19885900570497148,0.5333333333333333,False,0,0
2024-05-03,macd,0.611617154903569,0.19885900570497148,0.5333333333333333,False,0,0
2024-05-03,bb,0.611617154903569,0.19885900570497148,0.5333333333333333,False,0,0
2024-05-03,ema,0.611617154903569,0.20456397718011407,0.4666666666666667,False,0,0
2024-05-03,volume,0.611617154903569,0.19885900570497148,0.5333333333333333,False,0,0
2024-05-06,rsi,0.501495545680508,0.20112179487179485,0.4666666666666667,False,0,0
2024-05-06,macd,0.501495545680508,0.20112179487179485,0.4666666666666667,False,0,0
2024-05-06,bb,0.501495545680508,0.20112179487179485,0.4666666666666667,False,0,0
2024-05-06,ema,0.501495545680508,0.19551282051282054,0.5333333333333333,False,0,0
2024-05-06,volume,0.501495545680508,0.20112179487179485,0.4666666666666667,False,0,0
2024-05-07,rsi,0.5894018205088563,0.19885900570497148,0.5333333333333333,False,0,0
2024-05-07,macd,0.5894018205088563,0.19885900570497148,0.5333333333333333,False,0,0
2024-05-07,bb,0.5894018205088563,0.19885900570497148,0.5333333333333333,False,0,0
2024-05-07,ema,0.5894018205088563,0.2045639771801141,0.4666666666666667,False,0,0
2024-05-07,volume,0.5894018205088563,0.19885900570497148,0.5333333333333333,False,0,0
2024-05-08,rsi,0.5718433029609169,0.20112179487179488,0.4666666666666667,False,0,0
2024-05-08,macd,0.5718433029609169,0.20112179487179488,0.4666666666666667,False,0,0
2024-05-08,bb,0.5718433029609169,0.20112179487179488,0.4666666666666667,False,0,0
2024-05-08,ema,0.5718433029609169,0.1955128205128205,0.5333333333333333,False,0,0
2024-05-08,volume,0.5718433029609169,0.20112179487179488,0.4666666666666667,False,0,0
2024-05-09,rsi,0.6459332782593928,0.19885900570497145,0.5333333333333333,False,0,0
2024-05-09,macd,0.6459332782593928,0.19885900570497145,0.5333333333333333,False,0,0
2024-05-09,bb,0.6459332782593928,0.19885900570497145,0.5333333333333333,False,0,0
2024-05-09,ema,0.6459332782593928,0.20456397718011407,0.4666666666666667,False,0,0
2024-05-09,volume,0.6459332782593928,0.19885900570497145,0.5333333333333333,False,0,0
2024-05-10,rsi,0.5290719824092481,0.20112179487179485,0.4666666666666667,False,0,0
2024-05-10,macd,0.5290719824092481,0.20112179487179485,0.4666666666666667,False,0,0
2024-05-10,bb,0.5290719824092481,0.20112179487179485,0.4666666666666667,False,0,0
2024-05-10,ema,0.5290719824092481,0.1955128205128205,0.5333333333333333,False,0,0
2024-05-10,volume,0.5290719824092481,0.20112179487179485,0.4666666666666667,False,0,0
2024-05-13,rsi,0.6115622450640718,0.19885900570497148,0.5333333333333333,False,0,0
2024-05-13,macd,0.6115622450640718,0.19885900570497148,0.5333333333333333,False,0,0
2024-05-13,bb,0.6115622450640718,0.19885900570497148,0.5333333333333333,False,0,0
2024-05-13,ema,0.6115622450640718,0.2045639771801141,0.4666666666666667,False,0,0
2024-05-13,volume,0.6115622450640718,0.19885900570497148,0.5333333333333333,False,0,0
2024-05-14,rsi,0.6778514201334881,0.20112179487179488,0.4666666666666667,False,0,0
2024-05-14,macd,0.6778514201334881,0.20112179487179488,0.4666666666666667,False,0,0
2024-05-14,bb,0.6778514201334881,0.20112179487179488,0.4666666666666667,False,0,0
2024-05-14,ema,0.6778514201334881,0.1955128205128205,0.5333333333333333,False,0,0
2024-05-14,volume,0.6778514201334881,0.20112179487179488,0.4666666666666667,False,0,0
2024-05-15,rsi,0.731121401219271,0.19885900570497148,0.5333333333333333,False,0,0
2024-05-15,macd,0.731121401219271,0.19885900570497148,0.5333333333333333,False,0,0
2024-05-15,bb,0.731121401219271,0.19885900570497148,0.5333333333333333,False,0,0
2024-05-15,ema,0.731121401219271,0.2045639771801141,0.4666666666666667,False,0,0
2024-05-15,volume,0.731121401219271,0.19885900570497148,0.5333333333333333,False,0,0
2024-05-16,rsi,0.6857291580198063,0.20112179487179488,0.4666666666666667,False,0,0
2024-05-16,macd,0.6857291580198063,0.20112179487179488,0.4666666666666667,False,0,0
2024-05-16,bb,0.6857291580198063,0.20112179487179488,0.4666666666666667,False,0,0
2024-05-16,ema,0.6857291580198063,0.1955128205128205,0.5333333333333333,False,0,0
2024-05-16,volume,0.6857291580198063,0.20112179487179488,0.4666666666666667,False,0,0
2024-05-17,rsi,0.6492519513847163,0.19885900570497145,0.5333333333333333,False,0,0
2024-05-17,macd,0.6492519513847163,0.19885900570497145,0.5333333333333333,False,0,0
2024-05-17,bb,0.6492519513847163,0.19885900570497145,0.5333333333333333,False,0,0
2024-05-17,ema,0.6492519513847163,0.20456397718011407,0.4666666666666667,False,0,0
2024-05-17,volume,0.6492519513847163,0.19885900570497145,0.5333333333333333,False,0,0
2024-05-20,rsi,0.708138868132758,0.20112179487179488,0.4666666666666667,False,0,0
2024-05-20,macd,0.708138868132758,0.20112179487179488,0.4666666666666667,False,0,0
2024-05-20,bb,0.708138868132758,0.20112179487179488,0.4666666666666667,False,0,0
2024-05-20,ema,0.708138868132758,0.1955128205128205,0.5333333333333333,False,0,0
2024-05-20,volume,0.708138868132758,0.20112179487179488,0.4666666666666667,False,0,0
2024-05-21,rsi,0.7554603944314843,0.1988590057049715,0.5333333333333333,False,0,0
2024-05-21,macd,0.7554603944314843,0.1988590057049715,0.5333333333333333,False,0,0
2024-05-21,bb,0.7554603944314843,0.1988590057049715,0.5333333333333333,False,0,0
2024-05-21,ema,0.7554603944314843,0.2045639771801141,0.4666666666666667,False,0,0
2024-05-21,volume,0.7554603944314843,0.1988590057049715,0.5333333333333333,False,0,0
2024-05-22,rsi,0.6170879729651407,0.20112179487179485,0.4666666666666667,False,0,0
2024-05-22,macd,0.6170879729651407,0.20112179487179485,0.4666666666666667,False,0,0
2024-05-22,bb,0.6170879729651407,0.20112179487179485,0.4666666666666667,False,0,0
2024-05-22,ema,0.6170879729651407,0.1955128205128205,0.5333333333333333,False,0,0
2024-05-22,volume,0.6170879729651407,0.20112179487179485,0.4666666666666667,False,0,0
2024-05-23,rsi,0.505891895074787,0.19885900570497148,0.5333333333333333,False,0,0
2024-05-23,macd,0.505891895074787,0.19885900570497148,0.5333333333333333,False,0,0
2024-05-23,bb,0.505891895074787,0.19885900570497148,0.5333333333333333,False,0,0
2024-05-23,ema,0.505891895074787,0.2045639771801141,0.4666666666666667,False,0,0
2024-05-23,volume,0.505891895074787,0.19885900570497148,0.5333333333333333,False,0,0
2024-05-24,rsi,0.5929347268820989,0.2011217948717949,0.4666666666666667,False,0,0
2024-05-24,macd,0.5929347268820989,0.2011217948717949,0.4666666666666667,False,0,0
2024-05-24,bb,0.5929347268820989,0.2011217948717949,0.4666666666666667,False,0,0
2024-05-24,ema,0.5929347268820989,0.19551282051282054,0.5333333333333333,False,0,0
2024-05-24,volume,0.5929347268820989,0.2011217948717949,0.4666666666666667,False,0,0
2024-05-28,rsi,0.5746823465224546,0.19885900570497148,0.5333333333333333,False,0,0
2024-05-28,macd,0.5746823465224546,0.19885900570497148,0.5333333333333333,False,0,0
2024-05-28,bb,0.5746823465224546,0.19885900570497148,0.5333333333333333,False,0,0
2024-05-28,ema,0.5746823465224546,0.2045639771801141,0.4666666666666667,False,0,0
2024-05-28,volume,0.5746823465224546,0.19885900570497148,0.5333333333333333,False,0,0
2024-05-29,rsi,0.5600147336654445,0.20112179487179488,0.4666666666666667,False,0,0
2024-05-29,macd,0.5600147336654445,0.20112179487179488,0.4666666666666667,False,0,0
2024-05-29,bb,0.5600147336654445,0.20112179487179488,0.4666666666666667,False,0,0
2024-05-29,ema,0.5600147336654445,0.19551282051282054,0.5333333333333333,False,0,0
2024-05-29,volume,0.5600147336654445,0.20112179487179488,0.4666666666666667,False,0,0
2024-05-30,rsi,0.6364278399735512,0.19885900570497145,0.5333333333333333,False,0,0
2024-05-30,macd,0.6364278399735512,0.19885900570497145,0.5333333333333333,False,0,0
2024-05-30,bb,0.6364278399735512,0.19885900570497145,0.5333333333333333,False,0,0
2024-05-30,ema,0.6364278399735512,0.2045639771801141,0.4666666666666667,False,0,0
2024-05-30,volume,0.6364278399735512,0.19885900570497145,0.5333333333333333,False,0,0
2024-05-31,rsi,0.6978334122027458,0.2011217948717949,0.4666666666666667,False,0,0
2024-05-31,macd,0.6978334122027458,0.2011217948717949,0.4666666666666667,False,0,0
2024-05-31,bb,0.6978334122027458,0.2011217948717949,0.4666666666666667,False,0,0
2024-05-31,ema,0.6978334122027458,0.1955128205128205,0.5333333333333333,False,0,0
2024-05-31,volume,0.6978334122027458,0.2011217948717949,0.4666666666666667,False,0,0
2024-06-03,rsi,0.7471789300461266,0.19885900570497148,0.5333333333333333,False,0,0
2024-06-03,macd,0.7471789300461266,0.19885900570497148,0.5333333333333333,False,0,0
2024-06-03,bb,0.7471789300461266,0.19885900570497148,0.5333333333333333,False,0,0
2024-06-03,ema,0.7471789300461266,0.2045639771801141,0.4666666666666667,False,0,0
2024-06-03,volume,0.7471789300461266,0.19885900570497148,0.5333333333333333,False,0,0
2024-06-04,rsi,0.6986329881850674,0.20112179487179488,0.4666666666666667,False,0,0
2024-06-04,macd,0.6986329881850674,0.20112179487179488,0.4666666666666667,False,0,0
2024-06-04,bb,0.6986329881850674,0.20112179487179488,0.4666666666666667,False,0,0
2024-06-04,ema,0.6986329881850674,0.1955128205128205,0.5333333333333333,False,0,0
2024-06-04,volume,0.6986329881850674,0.20112179487179488,0.4666666666666667,False,0,0
2024-06-05,rsi,0.7478214693055202,0.19885900570497148,0.5333333333333333,False,0,0
2024-06-05,macd,0.7478214693055202,0.19885900570497148,0.5333333333333333,False,0,0
2024-06-05,bb,0.7478214693055202,0.19885900570497148,0.5333333333333333,False,0,0
2024-06-05,ema,0.7478214693055202,0.20456397718011413,0.4666666666666667,False,0,0
2024-06-05,volume,0.7478214693055202,0.19885900570497148,0.5333333333333333,False,0,0
2024-06-06,rsi,0.610949332733916,0.20112179487179488,0.4666666666666667,False,0,0
2024-06-06,macd,0.610949332733916,0.20112179487179488,0.4666666666666667,False,0,0
2024-06-06,bb,0.610949332733916,0.20112179487179488,0.4666666666666667,False,0,0
2024-06-06,ema,0.610949332733916,0.19551282051282048,0.5333333333333333,False,0,0
2024-06-06,volume,0.610949332733916,0.20112179487179488,0.4666666666666667,False,0,0
2024-06-07,rsi,0.677358883784975,0.19885900570497148,0.5333333333333333,False,0,0
2024-06-07,macd,0.677358883784975,0.19885900570497148,0.5333333333333333,False,0,0
2024-06-07,bb,0.677358883784975,0.19885900570497148,0.5333333333333333,False,0,0
2024-06-07,ema,0.677358883784975,0.2045639771801141,0.4666666666666667,False,0,0
2024-06-07,volume,0.677358883784975,0.19885900570497148,0.5333333333333333,False,0,0
2024-06-10,rsi,0.5543255990096059,0.20112179487179488,0.4666666666666667,False,0,0
2024-06-10,macd,0.5543255990096059,0.20112179487179488,0.4666666666666667,False,0,0
2024-06-10,bb,0.5543255990096059,0.20112179487179488,0.4666666666666667,False,0,0
2024-06-10,ema,0.5543255990096059,0.1955128205128205,0.5333333333333333,False,0,0
2024-06-10,volume,0.5543255990096059,0.20112179487179488,0.4666666666666667,False,0,0
2024-06-11,rsi,0.6318560513641193,0.1988590057049715,0.5333333333333333,False,0,0
2024-06-11,macd,0.6318560513641193,0.1988590057049715,0.5333333333333333,False,0,0
2024-06-11,bb,0.6318560513641193,0.1988590057049715,0.5333333333333333,False,0,0
2024-06-11,ema,0.6318560513641193,0.2045639771801141,0.4666666666666667,False,0,0
2024-06-11,volume,0.6318560513641193,0.1988590057049715,0.5333333333333333,False,0,0
2024-06-12,rsi,0.6941595228762063,0.20112179487179488,0.4666666666666667,False,0,0
2024-06-12,macd,0.6941595228762063,0.20112179487179488,0.4666666666666667,False,0,0
2024-06-12,bb,0.6941595228762063,0.20112179487179488,0.4666666666666667,False,0,0
2024-06-12,ema,0.6941595228762063,0.1955128205128205,0.5333333333333333,False,0,0
2024-06-12,volume,0.6941595228762063,0.20112179487179488,0.4666666666666667,False,0,0
2024-06-13,rsi,0.7442265925833195,0.19885900570497148,0.5333333333333333,False,0,0
2024-06-13,macd,0.7442265925833195,0.19885900570497148,0.5333333333333333,False,0,0
2024-06-13,bb,0.7442265925833195,0.19885900570497148,0.5333333333333333,False,0,0
2024-06-13,ema,0.7442265925833195,0.20456397718011407,0.4666666666666667,False,0,0
2024-06-13,volume,0.7442265925833195,0.19885900570497148,0.5333333333333333,False,0,0
2024-06-14,rsi,0.6080604897999555,0.20112179487179488,0.4666666666666667,False,0,0
2024-06-14,macd,0.6080604897999555,0.20112179487179488,0.4666666666666667,False,0,0
2024-06-14,bb,0.6080604897999555,0.20112179487179488,0.4666666666666667,False,0,0
2024-06-14,ema,0.6080604897999555,0.1955128205128205,0.5333333333333333,False,0,0
2024-06-14,volume,0.6080604897999555,0.20112179487179488,0.4666666666666667,False,0,0
2024-06-17,rsi,0.6750374096032442,0.19885900570497148,0.5333333333333333,False,0,0
2024-06-17,macd,0.6750374096032442,0.19885900570497148,0.5333333333333333,False,0,0
2024-06-17,bb,0.6750374096032442,0.19885900570497148,0.5333333333333333,False,0,0
2024-06-17,ema,0.6750374096032442,0.2045639771801141,0.4666666666666667,False,0,0
2024-06-17,volume,0.6750374096032442,0.19885900570497148,0.5333333333333333,False,0,0
2024-06-18,rsi,0.5524600623571672,0.20112179487179485,0.4666666666666667,False,0,0
2024-06-18,macd,0.5524600623571672,0.20112179487179485,0.4666666666666667,False,0,0
2024-06-18,bb,0.5524600623571672,0.20112179487179485,0.4666666666666667,False,0,0
2024-06-18,ema,0.5524600623571672,0.1955128205128205,0.5333333333333333,False,0,0
2024-06-18,volume,0.5524600623571672,0.20112179487179485,0.4666666666666667,False,0,0
2024-06-20,rsi,0.45395690611021955,0.19885900570497145,0.5333333333333333,False,0,0
2024-06-20,macd,0.45395690611021955,0.19885900570497145,0.5333333333333333,False,0,0
2024-06-20,bb,0.45395690611021955,0.19885900570497145,0.5333333333333333,False,0,0
2024-06-20,ema,0.45395690611021955,0.20456397718011404,0.4666666666666667,False,0,0
2024-06-20,volume,0.45395690611021955,0.19885900570497145,0.5333333333333333,False,0,0
2024-06-21,rsi,0.3747997697501725,0.20112179487179488,0.4666666666666667,False,1,0
2024-06-21,macd,0.3747997697501725,0.20112179487179488,0.4666666666666667,False,1,0
2024-06-21,bb,0.3747997697501725,0.20112179487179488,0.4666666666666667,False,1,0
2024-06-21,ema,0.3747997697501725,0.1955128205128205,0.5333333333333333,False,1,0
2024-06-21,volume,0.3747997697501725,0.20112179487179488,0.4666666666666667,False,1,0
2024-06-24,rsi,0.48758909497123865,0.19885900570497148,0.5333333333333333,False,0,0
2024-06-24,macd,0.48758909497123865,0.19885900570497148,0.5333333333333333,False,0,0
2024-06-24,bb,0.48758909497123865,0.19885900570497148,0.5333333333333333,False,0,0
2024-06-24,ema,0.48758909497123865,0.2045639771801141,0.4666666666666667,False,0,0
2024-06-24,volume,0.48758909497123865,0.19885900570497148,0.5333333333333333,False,0,0
2024-06-25,rsi,0.5782265967188873,0.20112179487179488,0.4666666666666667,False,0,0
2024-06-25,macd,0.5782265967188873,0.20112179487179488,0.4666666666666667,False,0,0
2024-06-25,bb,0.5782265967188873,0.20112179487179488,0.4666666666666667,False,0,0
2024-06-25,ema,0.5782265967188873,0.19551282051282054,0.5333333333333333,False,0,0
2024-06-25,volume,0.5782265967188873,0.20112179487179488,0.4666666666666667,False,0,0
2024-06-26,rsi,0.6510628931232979,0.19885900570497148,0.5333333333333333,False,0,0
2024-06-26,macd,0.6510628931232979,0.19885900570497148,0.5333333333333333,False,0,0
2024-06-26,bb,0.6510628931232979,0.19885900570497148,0.5333333333333333,False,0,0
2024-06-26,ema,0.6510628931232979,0.2045639771801141,0.4666666666666667,False,0,0
2024-06-26,volume,0.6510628931232979,0.19885900570497148,0.5333333333333333,False,0,0
2024-06-27,rsi,0.7095941409138822,0.20112179487179488,0.4666666666666667,False,0,0
2024-06-27,macd,0.7095941409138822,0.20112179487179488,0.4666666666666667,False,0,0
2024-06-27,bb,0.7095941409138822,0.20112179487179488,0.4666666666666667,False,0,0
2024-06-27,ema,0.7095941409138822,0.1955128205128205,0.5333333333333333,False,0,0
2024-06-27,volume,0.7095941409138822,0.20112179487179488,0.4666666666666667,False,0,0
2024-06-28,rsi,0.5802298516383957,0.1988590057049715,0.5333333333333333,False,0,0
2024-06-28,macd,0.5802298516383957,0.1988590057049715,0.5333333333333333,False,0,0
2024-06-28,bb,0.5802298516383957,0.1988590057049715,0.5333333333333333,False,0,0
2024-06-28,ema,0.5802298516383957,0.2045639771801141,0.4666666666666667,False,0,0
2024-06-28,volume,0.5802298516383957,0.1988590057049715,0.5333333333333333,False,0,0
2024-07-01,rsi,0.6526727087766148,0.20112179487179485,0.4666666666666667,False,0,0
2024-07-01,macd,0.6526727087766148,0.20112179487179485,0.4666666666666667,False,0,0
2024-07-01,bb,0.6526727087766148,0.20112179487179485,0.4666666666666667,False,0,0
2024-07-01,ema,0.6526727087766148,0.19551282051282048,0.5333333333333333,False,0,0
2024-07-01,volume,0.6526727087766148,0.20112179487179485,0.4666666666666667,False,0,0
2024-07-02,rsi,0.7108877887728876,0.19885900570497148,0.5333333333333333,False,0,0
2024-07-02,macd,0.7108877887728876,0.19885900570497148,0.5333333333333333,False,0,0
2024-07-02,bb,0.7108877887728876,0.19885900570497148,0.5333333333333333,False,0,0
2024-07-02,ema,0.7108877887728876,0.20456397718011413,0.4666666666666667,False,0,0
2024-07-02,volume,0.7108877887728876,0.19885900570497148,0.5333333333333333,False,0,0
2024-07-03,rsi,0.7576694270578925,0.20112179487179488,0.4666666666666667,False,0,0
2024-07-03,macd,0.7576694270578925,0.20112179487179488,0.4666666666666667,False,0,0
2024-07-03,bb,0.7576694270578925,0.20112179487179488,0.4666666666666667,False,0,0
2024-07-03,ema,0.7576694270578925,0.1955128205128205,0.5333333333333333,False,0,0
2024-07-03,volume,0.7576694270578925,0.20112179487179488,0.4666666666666667,False,0,0
2024-07-05,rsi,0.7952631515837225,0.1988590057049715,0.5333333333333333,False,0,0
2024-07-05,macd,0.7952631515837225,0.1988590057049715,0.5333333333333333,False,0,0
2024-07-05,bb,0.7952631515837225,0.1988590057049715,0.5333333333333333,False,0,0
2024-07-05,ema,0.7952631515837225,0.2045639771801141,0.4666666666666667,False,0,0
2024-07-05,volume,0.7952631515837225,0.1988590057049715,0.5333333333333333,False,0,0
2024-07-08,rsi,0.8254734686126793,0.20112179487179488,0.4666666666666667,False,0,0
2024-07-08,macd,0.8254734686126793,0.20112179487179488,0.4666666666666667,False,0,0
2024-07-08,bb,0.8254734686126793,0.20112179487179488,0.4666666666666667,False,0,0
2024-07-08,ema,0.8254734686126793,0.1955128205128205,0.5333333333333333,False,0,0
2024-07-08,volume,0.8254734686126793,0.20112179487179488,0.4666666666666667,False,0,0
2024-07-09,rsi,0.8497504793771491,0.19885900570497148,0.5333333333333333,False,0,0
2024-07-09,macd,0.8497504793771491,0.19885900570497148,0.5333333333333333,False,0,0
2024-07-09,bb,0.8497504793771491,0.19885900570497148,0.5333333333333333,False,0,0
2024-07-09,ema,0.8497504793771491,0.20456397718011413,0.4666666666666667,False,0,0
2024-07-09,volume,0.8497504793771491,0.19885900570497148,0.5333333333333333,False,0,0
2024-07-10,rsi,0.869259485227477,0.20112179487179488,0.4666666666666667,False,0,0
2024-07-10,macd,0.869259485227477,0.20112179487179488,0.4666666666666667,False,0,0
2024-07-10,bb,0.869259485227477,0.20112179487179488,0.4666666666666667,False,0,0
2024-07-10,ema,0.869259485227477,0.1955128205128205,0.5333333333333333,False,0,0
2024-07-10,volume,0.869259485227477,0.20112179487179488,0.4666666666666667,False,0,0
2024-07-11,rsi,0.7085369223288005,0.19885900570497148,0.5333333333333333,False,0,0
2024-07-11,macd,0.7085369223288005,0.19885900570497148,0.5333333333333333,False,0,0
2024-07-11,bb,0.7085369223288005,0.19885900570497148,0.5333333333333333,False,0,0
2024-07-11,ema,0.7085369223288005,0.20456397718011413,0.4666666666666667,False,0,0
2024-07-11,volume,0.7085369223288005,0.19885900570497148,0.5333333333333333,False,0,0
2024-07-12,rsi,0.7557802707834241,0.20112179487179488,0.4666666666666667,False,0,0
2024-07-12,macd,0.7557802707834241,0.20112179487179488,0.4666666666666667,False,0,0
2024-07-12,bb,0.7557802707834241,0.20112179487179488,0.4666666666666667,False,0,0
2024-07-12,ema,0.7557802707834241,0.1955128205128205,0.5333333333333333,False,0,0
2024-07-12,volume,0.7557802707834241,0.20112179487179488,0.4666666666666667,False,0,0
2024-07-15,rsi,0.7937450256015597,0.19885900570497148,0.5333333333333333,False,0,0
2024-07-15,macd,0.7937450256015597,0.19885900570497148,0.5333333333333333,False,0,0
2024-07-15,bb,0.7937450256015597,0.19885900570497148,0.5333333333333333,False,0,0
2024-07-15,ema,0.7937450256015597,0.2045639771801141,0.4666666666666667,False,0,0
2024-07-15,volume,0.7937450256015597,0.19885900570497148,0.5333333333333333,False,0,0
2024-07-16,rsi,0.7360535025734134,0.20112179487179485,0.4666666666666667,False,0,0
2024-07-16,macd,0.7360535025734134,0.20112179487179485,0.4666666666666667,False,0,0
2024-07-16,bb,0.7360535025734134,0.20112179487179485,0.4666666666666667,False,0,0
2024-07-16,ema,0.7360535025734134,0.1955128205128205,0.5333333333333333,False,0,0
2024-07-16,volume,0.7360535025734134,0.20112179487179485,0.4666666666666667,False,0,0
2024-07-17,rsi,0.601492594667995,0.1988590057049715,0.5333333333333333,False,0,0
2024-07-17,macd,0.601492594667995,0.1988590057049715,0.5333333333333333,False,0,0
2024-07-17,bb,0.601492594667995,0.1988590057049715,0.5333333333333333,False,0,0
2024-07-17,ema,0.601492594667995,0.20456397718011413,0.4666666666666667,False,0,0
2024-07-17,volume,0.601492594667995,0.1988590057049715,0.5333333333333333,False,0,0
2024-07-18,rsi,0.4933594490752008,0.20112179487179488,0.4666666666666667,False,0,0
2024-07-18,macd,0.4933594490752008,0.20112179487179488,0.4666666666666667,False,0,0
2024-07-18,bb,0.4933594490752008,0.20112179487179488,0.4666666666666667,False,0,0
2024-07-18,ema,0.4933594490752008,0.19551282051282054,0.5333333333333333,False,0,0
2024-07-18,volume,0.4933594490752008,0.20112179487179488,0.4666666666666667,False,0,0
2024-07-19,rsi,0.49466365327683137,0.1988590057049715,0.5333333333333333,False,0,0
2024-07-19,macd,0.49466365327683137,0.1988590057049715,0.5333333333333333,False,0,0
2024-07-19,bb,0.49466365327683137,0.1988590057049715,0.5333333333333333,False,0,0
2024-07-19,ema,0.49466365327683137,0.2045639771801141,0.4666666666666667,False,0,0
2024-07-19,volume,0.49466365327683137,0.1988590057049715,0.5333333333333333,False,0,0
2024-07-22,rsi,0.49571171177326173,0.20112179487179488,0.4666666666666667,False,0,0
2024-07-22,macd,0.49571171177326173,0.20112179487179488,0.4666666666666667,False,0,0
2024-07-22,bb,0.49571171177326173,0.20112179487179488,0.4666666666666667,False,0,0
2024-07-22,ema,0.49571171177326173,0.19551282051282048,0.5333333333333333,False,0,0
2024-07-22,volume,0.49571171177326173,0.20112179487179488,0.4666666666666667,False,0,0
2024-07-23,rsi,0.5847539315809931,0.19885900570497145,0.5333333333333333,False,0,0
2024-07-23,macd,0.5847539315809931,0.19885900570497145,0.5333333333333333,False,0,0
2024-07-23,bb,0.5847539315809931,0.19885900570497145,0.5333333333333333,False,0,0
2024-07-23,ema,0.5847539315809931,0.2045639771801141,0.4666666666666667,False,0,0
2024-07-23,volume,0.5847539315809931,0.19885900570497145,0.5333333333333333,False,0,0
2024-07-24,rsi,0.4799082594184861,0.20112179487179488,0.4666666666666667,False,0,0
2024-07-24,macd,0.4799082594184861,0.20112179487179488,0.4666666666666667,False,0,0
2024-07-24,bb,0.4799082594184861,0.20112179487179488,0.4666666666666667,False,0,0
2024-07-24,ema,0.4799082594184861,0.1955128205128205,0.5333333333333333,False,0,0
2024-07-24,volume,0.4799082594184861,0.20112179487179488,0.4666666666666667,False,0,0
2024-07-25,rsi,0.39565427726869545,0.19885900570497148,0.5333333333333333,False,1,0
2024-07-25,macd,0.39565427726869545,0.19885900570497148,0.5333333333333333,False,1,0
2024-07-25,bb,0.39565427726869545,0.19885900570497148,0.5333333333333333,False,1,0
2024-07-25,ema,0.39565427726869545,0.20456397718011413,0.4666666666666667,False,1,0
2024-07-25,volume,0.39565427726869545,0.19885900570497148,0.5333333333333333,False,1,0
2024-07-26,rsi,0.5043477772131236,0.20112179487179485,0.4666666666666667,False,0,0
2024-07-26,macd,0.5043477772131236,0.20112179487179485,0.4666666666666667,False,0,0
2024-07-26,bb,0.5043477772131236,0.20112179487179485,0.4666666666666667,False,0,0
2024-07-26,ema,0.5043477772131236,0.1955128205128205,0.5333333333333333,False,0,0
2024-07-26,volume,0.5043477772131236,0.20112179487179485,0.4666666666666667,False,0,0
2024-07-29,rsi,0.5034938737684661,0.19885900570497148,0.5333333333333333,False,0,0
2024-07-29,macd,0.5034938737684661,0.19885900570497148,0.5333333333333333,False,0,0
2024-07-29,bb,0.5034938737684661,0.19885900570497148,0.5333333333333333,False,0,0
2024-07-29,ema,0.5034938737684661,0.20456397718011407,0.4666666666666667,False,0,0
2024-07-29,volume,0.5034938737684661,0.19885900570497148,0.5333333333333333,False,0,0
2024-07-30,rsi,0.5910076769603394,0.20112179487179488,0.4666666666666667,False,0,0
2024-07-30,macd,0.5910076769603394,0.20112179487179488,0.4666666666666667,False,0,0
2024-07-30,bb,0.5910076769603394,0.20112179487179488,0.4666666666666667,False,0,0
2024-07-30,ema,0.5910076769603394,0.1955128205128205,0.5333333333333333,False,0,0
2024-07-30,volume,0.5910076769603394,0.20112179487179488,0.4666666666666667,False,0,0
2024-07-31,rsi,0.6613337692053288,0.19885900570497148,0.5333333333333333,False,0,0
2024-07-31,macd,0.6613337692053288,0.19885900570497148,0.5333333333333333,False,0,0
2024-07-31,bb,0.6613337692053288,0.19885900570497148,0.5333333333333333,False,0,0
2024-07-31,ema,0.6613337692053288,0.2045639771801141,0.4666666666666667,False,0,0
2024-07-31,volume,0.6613337692053288,0.19885900570497148,0.5333333333333333,False,0,0
2024-08-01,rsi,0.5414478169334023,0.20112179487179488,0.4666666666666667,False,0,0
2024-08-01,macd,0.5414478169334023,0.20112179487179488,0.4666666666666667,False,0,0
2024-08-01,bb,0.5414478169334023,0.20112179487179488,0.4666666666666667,False,0,0
2024-08-01,ema,0.5414478169334023,0.19551282051282054,0.5333333333333333,False,0,0
2024-08-01,volume,0.5414478169334023,0.20112179487179488,0.4666666666666667,False,0,0
2024-08-02,rsi,0.6215074656876821,0.19885900570497148,0.5333333333333333,False,0,0
2024-08-02,macd,0.6215074656876821,0.19885900570497148,0.5333333333333333,False,0,0
2024-08-02,bb,0.6215074656876821,0.19885900570497148,0.5333333333333333,False,0,0
2024-08-02,ema,0.6215074656876821,0.2045639771801141,0.4666666666666667,False,0,0
2024-08-02,volume,0.6215074656876821,0.19885900570497148,0.5333333333333333,False,0,0
2024-08-05,rsi,0.5094433994266214,0.20112179487179488,0.4666666666666667,False,0,0
2024-08-05,macd,0.5094433994266214,0.20112179487179488,0.4666666666666667,False,0,0
2024-08-05,bb,0.5094433994266214,0.20112179487179488,0.4666666666666667,False,0,0
2024-08-05,ema,0.5094433994266214,0.19551282051282054,0.5333333333333333,False,0,0
2024-08-05,volume,0.5094433994266214,0.20112179487179488,0.4666666666666667,False,0,0
2024-08-06,rsi,0.419388715779233,0.1988590057049715,0.5333333333333333,False,0,0
2024-08-06,macd,0.419388715779233,0.1988590057049715,0.5333333333333333,False,0,0
2024-08-06,bb,0.419388715779233,0.1988590057049715,0.5333333333333333,False,0,0
2024-08-06,ema,0.419388715779233,0.2045639771801141,0.4666666666666667,False,0,0
2024-08-06,volume,0.419388715779233,0.1988590057049715,0.5333333333333333,False,0,0
2024-08-07,rsi,0.5234207720001917,0.20112179487179485,0.4666666666666667,False,0,0
2024-08-07,macd,0.5234207720001917,0.20112179487179485,0.4666666666666667,False,0,0
2024-08-07,bb,0.5234207720001917,0.20112179487179485,0.4666666666666667,False,0,0
2024-08-07,ema,0.5234207720001917,0.19551282051282048,0.5333333333333333,False,0,0
2024-08-07,volume,0.5234207720001917,0.20112179487179485,0.4666666666666667,False,0,0
2024-08-08,rsi,0.6070209323793541,0.19885900570497148,0.5333333333333333,False,0,0
2024-08-08,macd,0.6070209323793541,0.19885900570497148,0.5333333333333333,False,0,0
2024-08-08,bb,0.6070209323793541,0.19885900570497148,0.5333333333333333,False,0,0
2024-08-08,ema,0.6070209323793541,0.2045639771801141,0.4666666666666667,False,0,0
2024-08-08,volume,0.6070209323793541,0.19885900570497148,0.5333333333333333,False,0,0
2024-08-09,rsi,0.674202021260049,0.20112179487179488,0.4666666666666667,False,0,0
2024-08-09,macd,0.674202021260049,0.20112179487179488,0.4666666666666667,False,0,0
2024-08-09,bb,0.674202021260049,0.20112179487179488,0.4666666666666667,False,0,0
2024-08-09,ema,0.674202021260049,0.1955128205128205,0.5333333333333333,False,0,0
2024-08-09,volume,0.674202021260049,0.20112179487179488,0.4666666666666667,False,0,0
2024-08-12,rsi,0.7281887442845755,0.1988590057049715,0.5333333333333333,False,0,0
2024-08-12,macd,0.7281887442845755,0.1988590057049715,0.5333333333333333,False,0,0
2024-08-12,bb,0.7281887442845755,0.1988590057049715,0.5333333333333333,False,0,0
2024-08-12,ema,0.7281887442845755,0.2045639771801141,0.4666666666666667,False,0,0
2024-08-12,volume,0.7281887442845755,0.1988590057049715,0.5333333333333333,False,0,0
2024-08-13,rsi,0.7715724749070848,0.20112179487179488,0.4666666666666667,False,0,0
2024-08-13,macd,0.7715724749070848,0.20112179487179488,0.4666666666666667,False,0,0
2024-08-13,bb,0.7715724749070848,0.20112179487179488,0.4666666666666667,False,0,0
2024-08-13,ema,0.7715724749070848,0.19551282051282054,0.5333333333333333,False,0,0
2024-08-13,volume,0.7715724749070848,0.20112179487179488,0.4666666666666667,False,0,0
2024-08-14,rsi,0.8064356408353334,0.19885900570497148,0.5333333333333333,False,0,0
2024-08-14,macd,0.8064356408353334,0.19885900570497148,0.5333333333333333,False,0,0
2024-08-14,bb,0.8064356408353334,0.19885900570497148,0.5333333333333333,False,0,0
2024-08-14,ema,0.8064356408353334,0.20456397718011407,0.4666666666666667,False,0,0
2024-08-14,volume,0.8064356408353334,0.19885900570497148,0.5333333333333333,False,0,0
2024-08-15,rsi,0.8344516809752739,0.20112179487179488,0.4666666666666667,False,0,0
2024-08-15,macd,0.8344516809752739,0.20112179487179488,0.4666666666666667,False,0,0
2024-08-15,bb,0.8344516809752739,0.20112179487179488,0.4666666666666667,False,0,0
2024-08-15,ema,0.8344516809752739,0.1955128205128205,0.5333333333333333,False,0,0
2024-08-15,volume,0.8344516809752739,0.20112179487179488,0.4666666666666667,False,0,0
2024-08-16,rsi,0.8569653708317301,0.19885900570497148,0.5333333333333333,False,0,0
2024-08-16,macd,0.8569653708317301,0.19885900570497148,0.5333333333333333,False,0,0
2024-08-16,bb,0.8569653708317301,0.19885900570497148,0.5333333333333333,False,0,0
2024-08-16,ema,0.8569653708317301,0.2045639771801141,0.4666666666666667,False,0,0
2024-08-16,volume,0.8569653708317301,0.19885900570497148,0.5333333333333333,False,0,0
2024-08-19,rsi,0.7868573720003783,0.20112179487179485,0.4666666666666667,False,0,0
2024-08-19,macd,0.7868573720003783,0.20112179487179485,0.4666666666666667,False,0,0
2024-08-19,bb,0.7868573720003783,0.20112179487179485,0.4666666666666667,False,0,0
2024-08-19,ema,0.7868573720003783,0.1955128205128205,0.5333333333333333,False,0,0
2024-08-19,volume,0.7868573720003783,0.20112179487179485,0.4666666666666667,False,0,0
2024-08-20,rsi,0.8187185841395039,0.1988590057049715,0.5333333333333333,False,0,0
2024-08-20,macd,0.8187185841395039,0.1988590057049715,0.5333333333333333,False,0,0
2024-08-20,bb,0.8187185841395039,0.1988590057049715,0.5333333333333333,False,0,0
2024-08-20,ema,0.8187185841395039,0.20456397718011413,0.4666666666666667,False,0,0
2024-08-20,volume,0.8187185841395039,0.1988590057049715,0.5333333333333333,False,0,0
2024-08-21,rsi,0.7561222542145053,0.20112179487179488,0.4666666666666667,False,0,0
2024-08-21,macd,0.7561222542145053,0.20112179487179488,0.4666666666666667,False,0,0
2024-08-21,bb,0.7561222542145053,0.20112179487179488,0.4666666666666667,False,0,0
2024-08-21,ema,0.7561222542145053,0.19551282051282054,0.5333333333333333,False,0,0
2024-08-21,volume,0.7561222542145053,0.20112179487179488,0.4666666666666667,False,0,0
2024-08-22,rsi,0.6176198434867766,0.1988590057049715,0.5333333333333333,False,0,0
2024-08-22,macd,0.6176198434867766,0.1988590057049715,0.5333333333333333,False,0,0
2024-08-22,bb,0.6176198434867766,0.1988590057049715,0.5333333333333333,False,0,0
2024-08-22,ema,0.6176198434867766,0.2045639771801141,0.4666666666666667,False,0,0
2024-08-22,volume,0.6176198434867766,0.1988590057049715,0.5333333333333333,False,0,0
2024-08-23,rsi,0.6827193062259738,0.20112179487179485,0.4666666666666667,False,0,0
2024-08-23,macd,0.6827193062259738,0.20112179487179485,0.4666666666666667,False,0,0
2024-08-23,bb,0.6827193062259738,0.20112179487179485,0.4666666666666667,False,0,0
2024-08-23,ema,0.6827193062259738,0.19551282051282048,0.5333333333333333,False,0,0
2024-08-23,volume,0.6827193062259738,0.20112179487179485,0.4666666666666667,False,0,0
2024-08-26,rsi,0.6468332344831925,0.19885900570497148,0.5333333333333333,False,0,0
2024-08-26,macd,0.6468332344831925,0.19885900570497148,0.5333333333333333,False,0,0
2024-08-26,bb,0.6468332344831925,0.19885900570497148,0.5333333333333333,False,0,0
2024-08-26,ema,0.6468332344831925,0.2045639771801141,0.4666666666666667,False,0,0
2024-08-26,volume,0.6468332344831925,0.19885900570497148,0.5333333333333333,False,0,0
2024-08-27,rsi,0.7061951872306934,0.20112179487179488,0.4666666666666667,False,0,0
2024-08-27,macd,0.7061951872306934,0.20112179487179488,0.4666666666666667,False,0,0
2024-08-27,bb,0.7061951872306934,0.20112179487179488,0.4666666666666667,False,0,0
2024-08-27,ema,0.7061951872306934,0.1955128205128205,0.5333333333333333,False,0,0
2024-08-27,volume,0.7061951872306934,0.20112179487179488,0.4666666666666667,False,0,0
2024-08-28,rsi,0.5774984524585853,0.1988590057049715,0.5333333333333333,False,0,0
2024-08-28,macd,0.5774984524585853,0.1988590057049715,0.5333333333333333,False,0,0
2024-08-28,bb,0.5774984524585853,0.1988590057049715,0.5333333333333333,False,0,0
2024-08-28,ema,0.5774984524585853,0.20456397718011413,0.4666666666666667,False,0,0
2024-08-28,volume,0.5774984524585853,0.1988590057049715,0.5333333333333333,False,0,0
2024-08-29,rsi,0.6504777563957191,0.20112179487179488,0.4666666666666667,False,0,0
2024-08-29,macd,0.6504777563957191,0.20112179487179488,0.4666666666666667,False,0,0
2024-08-29,bb,0.6504777563957191,0.20112179487179488,0.4666666666666667,False,0,0
2024-08-29,ema,0.6504777563957191,0.19551282051282054,0.5333333333333333,False,0,0
2024-08-29,volume,0.6504777563957191,0.20112179487179488,0.4666666666666667,False,0,0
2024-08-30,rsi,0.5327239250396,0.19885900570497148,0.5333333333333333,False,0,0
2024-08-30,macd,0.5327239250396,0.19885900570497148,0.5333333333333333,False,0,0
2024-08-30,bb,0.5327239250396,0.19885900570497148,0.5333333333333333,False,0,0
2024-08-30,ema,0.5327239250396,0.2045639771801141,0.4666666666666667,False,0,0
2024-08-30,volume,0.5327239250396,0.19885900570497148,0.5333333333333333,False,0,0
2024-09-03,rsi,0.43809694616182254,0.20112179487179488,0.4666666666666667,False,0,0
2024-09-03,macd,0.43809694616182254,0.20112179487179488,0.4666666666666667,False,0,0
2024-09-03,bb,0.43809694616182254,0.20112179487179488,0.4666666666666667,False,0,0
2024-09-03,ema,0.43809694616182254,0.1955128205128205,0.5333333333333333,False,0,0
2024-09-03,volume,0.43809694616182254,0.20112179487179488,0.4666666666666667,False,0,0
2024-09-04,rsi,0.3620547059356406,0.19885900570497145,0.5333333333333333,False,1,0
2024-09-04,macd,0.3620547059356406,0.19885900570497145,0.5333333333333333,False,1,0
2024-09-04,bb,0.3620547059356406,0.19885900570497145,0.5333333333333333,False,1,0
2024-09-04,ema,0.3620547059356406,0.2045639771801141,0.4666666666666667,False,1,0
2024-09-04,volume,0.3620547059356406,0.19885900570497145,0.5333333333333333,False,1,0
2024-09-05,rsi,0.4773471616898808,0.20112179487179488,0.4666666666666667,False,0,0
2024-09-05,macd,0.4773471616898808,0.20112179487179488,0.4666666666666667,False,0,0
2024-09-05,bb,0.4773471616898808,0.20112179487179488,0.4666666666666667,False,0,0
2024-09-05,ema,0.4773471616898808,0.1955128205128205,0.5333333333333333,False,0,0
2024-09-05,volume,0.4773471616898808,0.20112179487179488,0.4666666666666667,False,0,0
2024-09-06,rsi,0.39359617913398826,0.19885900570497145,0.5333333333333333,False,1,0
2024-09-06,macd,0.39359617913398826,0.19885900570497145,0.5333333333333333,False,1,0
2024-09-06,bb,0.39359617913398826,0.19885900570497145,0.5333333333333333,False,1,0
2024-09-06,ema,0.39359617913398826,0.20456397718011407,0.4666666666666667,False,1,0
2024-09-06,volume,0.39359617913398826,0.19885900570497145,0.5333333333333333,False,1,0
2024-09-09,rsi,0.41449388955207295,0.20112179487179488,0.4666666666666667,False,0,0
2024-09-09,macd,0.41449388955207295,0.20112179487179488,0.4666666666666667,False,0,0
2024-09-09,bb,0.41449388955207295,0.20112179487179488,0.4666666666666667,False,0,0
2024-09-09,ema,0.41449388955207295,0.19551282051282054,0.5333333333333333,False,0,0
2024-09-09,volume,0.41449388955207295,0.20112179487179488,0.4666666666666667,False,0,0
2024-09-10,rsi,0.34308728964404583,0.1988590057049715,0.5333333333333333,False,1,0
2024-09-10,macd,0.34308728964404583,0.1988590057049715,0.5333333333333333,False,1,0
2024-09-10,bb,0.34308728964404583,0.1988590057049715,0.5333333333333333,False,1,0
2024-09-10,ema,0.34308728964404583,0.2045639771801141,0.4666666666666667,False,1,0
2024-09-10,volume,0.34308728964404583,0.1988590057049715,0.5333333333333333,False,1,0
2024-09-11,rsi,0.46210494595795526,0.20112179487179485,0.4666666666666667,False,0,0
2024-09-11,macd,0.46210494595795526,0.20112179487179485,0.4666666666666667,False,0,0
2024-09-11,bb,0.46210494595795526,0.20112179487179485,0.4666666666666667,False,0,0
2024-09-11,ema,0.46210494595795526,0.1955128205128205,0.5333333333333333,False,0,0
2024-09-11,volume,0.46210494595795526,0.20112179487179485,0.4666666666666667,False,0,0
2024-09-12,rsi,0.4695475345718129,0.19885900570497148,0.5333333333333333,False,0,0
2024-09-12,macd,0.4695475345718129,0.19885900570497148,0.5333333333333333,False,0,0
2024-09-12,bb,0.4695475345718129,0.19885900570497148,0.5333333333333333,False,0,0
2024-09-12,ema,0.4695475345718129,0.2045639771801141,0.4666666666666667,False,0,0
2024-09-12,volume,0.4695475345718129,0.19885900570497148,0.5333333333333333,False,0,0
2024-09-13,rsi,0.47552839878190883,0.20112179487179488,0.4666666666666667,False,0,0
2024-09-13,macd,0.47552839878190883,0.20112179487179488,0.4666666666666667,False,0,0
2024-09-13,bb,0.47552839878190883,0.20112179487179488,0.4666666666666667,False,0,0
2024-09-13,ema,0.47552839878190883,0.19551282051282054,0.5333333333333333,False,0,0
2024-09-13,volume,0.47552839878190883,0.20112179487179488,0.4666666666666667,False,0,0
2024-09-16,rsi,0.39213462126114196,0.19885900570497148,0.5333333333333333,False,1,0
2024-09-16,macd,0.39213462126114196,0.19885900570497148,0.5333333333333333,False,1,0
2024-09-16,bb,0.39213462126114196,0.19885900570497148,0.5333333333333333,False,1,0
2024-09-16,ema,0.39213462126114196,0.20456397718011407,0.4666666666666667,False,1,0
2024-09-16,volume,0.39213462126114196,0.19885900570497148,0.5333333333333333,False,1,0
2024-09-17,rsi,0.5015193816454537,0.20112179487179485,0.4666666666666667,False,0,0
2024-09-17,macd,0.5015193816454537,0.20112179487179485,0.4666666666666667,False,0,0
2024-09-17,bb,0.5015193816454537,0.20112179487179485,0.4666666666666667,False,0,0
2024-09-17,ema,0.5015193816454537,0.1955128205128205,0.5333333333333333,False,0,0
2024-09-17,volume,0.5015193816454537,0.20112179487179485,0.4666666666666667,False,0,0
2024-09-18,rsi,0.5894209750902867,0.19885900570497148,0.5333333333333333,False,0,0
2024-09-18,macd,0.5894209750902867,0.19885900570497148,0.5333333333333333,False,0,0
2024-09-18,bb,0.5894209750902867,0.19885900570497148,0.5333333333333333,False,0,0
2024-09-18,ema,0.5894209750902867,0.20456397718011407,0.4666666666666667,False,0,0
2024-09-18,volume,0.5894209750902867,0.19885900570497148,0.5333333333333333,False,0,0
2024-09-19,rsi,0.6600586955825545,0.20112179487179488,0.4666666666666667,False,0,0
2024-09-19,macd,0.6600586955825545,0.20112179487179488,0.4666666666666667,False,0,0
2024-09-19,bb,0.6600586955825545,0.20112179487179488,0.4666666666666667,False,0,0
2024-09-19,ema,0.6600586955825545,0.1955128205128205,0.5333333333333333,False,0,0
2024-09-19,volume,0.6600586955825545,0.20112179487179488,0.4666666666666667,False,0,0
2024-09-20,rsi,0.5404231677701408,0.1988590057049715,0.5333333333333333,False,0,0
2024-09-20,macd,0.5404231677701408,0.1988590057049715,0.5333333333333333,False,0,0
2024-09-20,bb,0.5404231677701408,0.1988590057049715,0.5333333333333333,False,0,0
2024-09-20,ema,0.5404231677701408,0.20456397718011413,0.4666666666666667,False,0,0
2024-09-20,volume,0.5404231677701408,0.1988590057049715,0.5333333333333333,False,0,0
2024-09-23,rsi,0.44428405762008516,0.20112179487179485,0.4666666666666667,False,0,0
2024-09-23,macd,0.44428405762008516,0.20112179487179485,0.4666666666666667,False,0,0
2024-09-23,bb,0.44428405762008516,0.20112179487179485,0.4666666666666667,False,0,0
2024-09-23,ema,0.44428405762008516,0.19551282051282048,0.5333333333333333,False,0,0
2024-09-23,volume,0.44428405762008516,0.20112179487179485,0.4666666666666667,False,0,0
2024-09-24,rsi,0.5434266687035005,0.19885900570497148,0.5333333333333333,False,0,0
2024-09-24,macd,0.5434266687035005,0.19885900570497148,0.5333333333333333,False,0,0
2024-09-24,bb,0.5434266687035005,0.19885900570497148,0.5333333333333333,False,0,0
2024-09-24,ema,0.5434266687035005,0.20456397718011407,0.4666666666666667,False,0,0
2024-09-24,volume,0.5434266687035005,0.19885900570497148,0.5333333333333333,False,0,0
2024-09-25,rsi,0.4466976709701331,0.20112179487179485,0.4666666666666667,False,0,0
2024-09-25,macd,0.4466976709701331,0.20112179487179485,0.4666666666666667,False,0,0
2024-09-25,bb,0.4466976709701331,0.20112179487179485,0.4666666666666667,False,0,0
2024-09-25,ema,0.4466976709701331,0.1955128205128205,0.5333333333333333,False,0,0
2024-09-25,volume,0.4466976709701331,0.20112179487179485,0.4666666666666667,False,0,0
2024-09-26,rsi,0.5453662483915989,0.1988590057049715,0.5333333333333333,False,0,0
2024-09-26,macd,0.5453662483915989,0.1988590057049715,0.5333333333333333,False,0,0
2024-09-26,bb,0.5453662483915989,0.1988590057049715,0.5333333333333333,False,0,0
2024-09-26,ema,0.5453662483915989,0.2045639771801141,0.4666666666666667,False,0,0
2024-09-26,volume,0.5453662483915989,0.1988590057049715,0.5333333333333333,False,0,0
2024-09-27,rsi,0.5364563172074889,0.20112179487179488,0.4666666666666667,False,0,0
2024-09-27,macd,0.5364563172074889,0.20112179487179488,0.4666666666666667,False,0,0
2024-09-27,bb,0.5364563172074889,0.20112179487179488,0.4666666666666667,False,0,0
2024-09-27,ema,0.5364563172074889,0.1955128205128205,0.5333333333333333,False,0,0
2024-09-27,volume,0.5364563172074889,0.20112179487179488,0.4666666666666667,False,0,0
2024-09-30,rsi,0.6174962965079381,0.19885900570497148,0.5333333333333333,False,0,0
2024-09-30,macd,0.6174962965079381,0.19885900570497148,0.5333333333333333,False,0,0
2024-09-30,bb,0.6174962965079381,0.19885900570497148,0.5333333333333333,False,0,0
2024-09-30,ema,0.6174962965079381,0.20456397718011407,0.4666666666666667,False,0,0
2024-09-30,volume,0.6174962965079381,0.19885900570497148,0.5333333333333333,False,0,0
2024-10-01,rsi,0.5062200238737791,0.20112179487179485,0.4666666666666667,False,0,0
2024-10-01,macd,0.5062200238737791,0.20112179487179485,0.4666666666666667,False,0,0
2024-10-01,bb,0.5062200238737791,0.20112179487179485,0.4666666666666667,False,0,0
2024-10-01,ema,0.5062200238737791,0.1955128205128205,0.5333333333333333,False,0,0
2024-10-01,volume,0.5062200238737791,0.20112179487179485,0.4666666666666667,False,0,0
2024-10-02,rsi,0.5931984111849689,0.19885900570497148,0.5333333333333333,False,0,0
2024-10-02,macd,0.5931984111849689,0.19885900570497148,0.5333333333333333,False,0,0
2024-10-02,bb,0.5931984111849689,0.19885900570497148,0.5333333333333333,False,0,0
2024-10-02,ema,0.5931984111849689,0.2045639771801141,0.4666666666666667,False,0,0
2024-10-02,volume,0.5931984111849689,0.19885900570497148,0.5333333333333333,False,0,0
2024-10-03,rsi,0.486694243228241,0.20112179487179488,0.4666666666666667,False,0,0
2024-10-03,macd,0.486694243228241,0.20112179487179488,0.4666666666666667,False,0,0
2024-10-03,bb,0.486694243228241,0.20112179487179488,0.4666666666666667,False,0,0
2024-10-03,ema,0.486694243228241,0.19551282051282054,0.5333333333333333,False,0,0
2024-10-03,volume,0.486694243228241,0.20112179487179488,0.4666666666666667,False,0,0
2024-10-04,rsi,0.5775074938582144,0.19885900570497148,0.5333333333333333,False,0,0
2024-10-04,macd,0.5775074938582144,0.19885900570497148,0.5333333333333333,False,0,0
2024-10-04,bb,0.5775074938582144,0.19885900570497148,0.5333333333333333,False,0,0
2024-10-04,ema,0.5775074938582144,0.20456397718011407,0.4666666666666667,False,0,0
2024-10-04,volume,0.5775074938582144,0.19885900570497148,0.5333333333333333,False,0,0
2024-10-07,rsi,0.4740850220644612,0.20112179487179488,0.4666666666666667,False,0,0
2024-10-07,macd,0.4740850220644612,0.20112179487179488,0.4666666666666667,False,0,0
2024-10-07,bb,0.4740850220644612,0.20112179487179488,0.4666666666666667,False,0,0
2024-10-07,ema,0.4740850220644612,0.19551282051282054,0.5333333333333333,False,0,0
2024-10-07,volume,0.4740850220644612,0.20112179487179488,0.4666666666666667,False,0,0
2024-10-08,rsi,0.5673747237310011,0.19885900570497148,0.5333333333333333,False,0,0
2024-10-08,macd,0.5673747237310011,0.19885900570497148,0.5333333333333333,False,0,0
2024-10-08,bb,0.5673747237310011,0.19885900570497148,0.5333333333333333,False,0,0
2024-10-08,ema,0.5673747237310011,0.2045639771801141,0.4666666666666667,False,0,0
2024-10-08,volume,0.5673747237310011,0.19885900570497148,0.5333333333333333,False,0,0
2024-10-09,rsi,0.6423423279902325,0.20112179487179488,0.4666666666666667,False,0,0
2024-10-09,macd,0.6423423279902325,0.20112179487179488,0.4666666666666667,False,0,0
2024-10-09,bb,0.6423423279902325,0.20112179487179488,0.4666666666666667,False,0,0
2024-10-09,ema,0.6423423279902325,0.19551282051282054,0.5333333333333333,False,0,0
2024-10-09,volume,0.6423423279902325,0.20112179487179488,0.4666666666666667,False,0,0
2024-10-10,rsi,0.5261862947729509,0.19885900570497148,0.5333333333333333,False,0,0
2024-10-10,macd,0.5261862947729509,0.19885900570497148,0.5333333333333333,False,0,0
2024-10-10,bb,0.5261862947729509,0.19885900570497148,0.5333333333333333,False,0,0
2024-10-10,ema,0.5261862947729509,0.20456397718011407,0.4666666666666667,False,0,0
2024-10-10,volume,0.5261862947729509,0.19885900570497148,0.5333333333333333,False,0,0
2024-10-11,rsi,0.4328433064795434,0.20112179487179488,0.4666666666666667,False,0,0
2024-10-11,macd,0.4328433064795434,0.20112179487179488,0.4666666666666667,False,0,0
2024-10-11,bb,0.4328433064795434,0.20112179487179488,0.4666666666666667,False,0,0
2024-10-11,ema,0.4328433064795434,0.19551282051282048,0.5333333333333333,False,0,0
2024-10-11,volume,0.4328433064795434,0.20112179487179488,0.4666666666666667,False,0,0
2024-10-14,rsi,0.5342328810869611,0.19885900570497145,0.5333333333333333,False,0,0
2024-10-14,macd,0.5342328810869611,0.19885900570497145,0.5333333333333333,False,0,0
2024-10-14,bb,0.5342328810869611,0.19885900570497145,0.5333333333333333,False,0,0
2024-10-14,ema,0.5342328810869611,0.20456397718011407,0.4666666666666667,False,0,0
2024-10-14,volume,0.5342328810869611,0.19885900570497145,0.5333333333333333,False,0,0
2024-10-15,rsi,0.615709543241482,0.20112179487179488,0.4666666666666667,False,0,0
2024-10-15,macd,0.615709543241482,0.20112179487179488,0.4666666666666667,False,0,0
2024-10-15,bb,0.615709543241482,0.20112179487179488,0.4666666666666667,False,0,0
2024-10-15,ema,0.615709543241482,0.19551282051282054,0.5333333333333333,False,0,0
2024-10-15,volume,0.615709543241482,0.20112179487179488,0.4666666666666667,False,0,0
2024-10-16,rsi,0.504784188948855,0.1988590057049715,0.5333333333333333,False,0,0
2024-10-16,macd,0.504784188948855,0.1988590057049715,0.5333333333333333,False,0,0
2024-10-16,bb,0.504784188948855,0.1988590057049715,0.5333333333333333,False,0,0
2024-10-16,ema,0.504784188948855,0.2045639771801141,0.4666666666666667,False,0,0
2024-10-16,volume,0.504784188948855,0.1988590057049715,0.5333333333333333,False,0,0
2024-10-17,rsi,0.5038445742392998,0.2011217948717949,0.4666666666666667,False,0,0
2024-10-17,macd,0.5038445742392998,0.2011217948717949,0.4666666666666667,False,0,0
2024-10-17,bb,0.5038445742392998,0.2011217948717949,0.4666666666666667,False,0,0
2024-10-17,ema,0.5038445742392998,0.19551282051282054,0.5333333333333333,False,0,0
2024-10-17,volume,0.5038445742392998,0.2011217948717949,0.4666666666666667,False,0,0
2024-10-18,rsi,0.5912894998587014,0.19885900570497148,0.5333333333333333,False,0,0
2024-10-18,macd,0.5912894998587014,0.19885900570497148,0.5333333333333333,False,0,0
2024-10-18,bb,0.5912894998587014,0.19885900570497148,0.5333333333333333,False,0,0
2024-10-18,ema,0.5912894998587014,0.2045639771801141,0.4666666666666667,False,0,0
2024-10-18,volume,0.5912894998587014,0.19885900570497148,0.5333333333333333,False,0,0
2024-10-21,rsi,0.6615602420864525,0.20112179487179488,0.4666666666666667,False,0,0
2024-10-21,macd,0.6615602420864525,0.20112179487179488,0.4666666666666667,False,0,0
2024-10-21,bb,0.6615602420864525,0.20112179487179488,0.4666666666666667,False,0,0
2024-10-21,ema,0.6615602420864525,0.1955128205128205,0.5333333333333333,False,0,0
2024-10-21,volume,0.6615602420864525,0.20112179487179488,0.4666666666666667,False,0,0
2024-10-22,rsi,0.5416298105406733,0.19885900570497148,0.5333333333333333,False,0,0
2024-10-22,macd,0.5416298105406733,0.19885900570497148,0.5333333333333333,False,0,0
2024-10-22,bb,0.5416298105406733,0.19885900570497148,0.5333333333333333,False,0,0
2024-10-22,ema,0.5416298105406733,0.20456397718011407,0.4666666666666667,False,0,0
2024-10-22,volume,0.5416298105406733,0.19885900570497148,0.5333333333333333,False,0,0
2024-10-23,rsi,0.44525371575048506,0.20112179487179488,0.4666666666666667,False,0,0
2024-10-23,macd,0.44525371575048506,0.20112179487179488,0.4666666666666667,False,0,0
2024-10-23,bb,0.44525371575048506,0.20112179487179488,0.4666666666666667,False,0,0
2024-10-23,ema,0.44525371575048506,0.19551282051282054,0.5333333333333333,False,0,0
2024-10-23,volume,0.44525371575048506,0.20112179487179488,0.4666666666666667,False,0,0
2024-10-24,rsi,0.4560058859770898,0.19885900570497148,0.5333333333333333,False,0,0
2024-10-24,macd,0.4560058859770898,0.19885900570497148,0.5333333333333333,False,0,0
2024-10-24,bb,0.4560058859770898,0.19885900570497148,0.5333333333333333,False,0,0
2024-10-24,ema,0.4560058859770898,0.2045639771801141,0.4666666666666667,False,0,0
2024-10-24,volume,0.4560058859770898,0.19885900570497148,0.5333333333333333,False,0,0
2024-10-25,rsi,0.5528463299711894,0.20112179487179488,0.4666666666666667,False,0,0
2024-10-25,macd,0.5528463299711894,0.20112179487179488,0.4666666666666667,False,0,0
2024-10-25,bb,0.5528463299711894,0.20112179487179488,0.4666666666666667,False,0,0
2024-10-25,ema,0.5528463299711894,0.19551282051282054,0.5333333333333333,False,0,0
2024-10-25,volume,0.5528463299711894,0.20112179487179488,0.4666666666666667,False,0,0
2024-10-28,rsi,0.6306673107648478,0.19885900570497145,0.5333333333333333,False,0,0
2024-10-28,macd,0.6306673107648478,0.19885900570497145,0.5333333333333333,False,0,0
2024-10-28,bb,0.6306673107648478,0.19885900570497145,0.5333333333333333,False,0,0
2024-10-28,ema,0.6306673107648478,0.20456397718011407,0.4666666666666667,False,0,0
2024-10-28,volume,0.6306673107648478,0.19885900570497145,0.5333333333333333,False,0,0
2024-10-29,rsi,0.6050042509306318,0.20112179487179488,0.4666666666666667,False,0,0
2024-10-29,macd,0.6050042509306318,0.20112179487179488,0.4666666666666667,False,0,0
2024-10-29,bb,0.6050042509306318,0.20112179487179488,0.4666666666666667,False,0,0
2024-10-29,ema,0.6050042509306318,0.19551282051282054,0.5333333333333333,False,0,0
2024-10-29,volume,0.6050042509306318,0.20112179487179488,0.4666666666666667,False,0,0
2024-10-30,rsi,0.49618141604785576,0.1988590057049715,0.5333333333333333,False,0,0
2024-10-30,macd,0.49618141604785576,0.1988590057049715,0.5333333333333333,False,0,0
2024-10-30,bb,0.49618141604785576,0.1988590057049715,0.5333333333333333,False,0,0
2024-10-30,ema,0.49618141604785576,0.2045639771801141,0.4666666666666667,False,0,0
2024-10-30,volume,0.49618141604785576,0.1988590057049715,0.5333333333333333,False,0,0
2024-10-31,rsi,0.4087313859360569,0.20112179487179488,0.4666666666666667,False,0,0
2024-10-31,macd,0.4087313859360569,0.20112179487179488,0.4666666666666667,False,0,0
2024-10-31,bb,0.4087313859360569,0.20112179487179488,0.4666666666666667,False,0,0
2024-10-31,ema,0.4087313859360569,0.19551282051282048,0.5333333333333333,False,0,0
2024-10-31,volume,0.4087313859360569,0.20112179487179488,0.4666666666666667,False,0,0
2024-11-01,rsi,0.3384565417382154,0.1988590057049715,0.5333333333333333,False,1,0
2024-11-01,macd,0.3384565417382154,0.1988590057049715,0.5333333333333333,False,1,0
2024-11-01,bb,0.3384565417382154,0.1988590057049715,0.5333333333333333,False,1,0
2024-11-01,ema,0.3384565417382154,0.20456397718011407,0.4666666666666667,False,1,0
2024-11-01,volume,0.3384565417382154,0.1988590057049715,0.5333333333333333,False,1,0
2024-11-04,rsi,0.3,0.20112179487179488,0.4666666666666667,False,1,0
2024-11-04,macd,0.3,0.20112179487179488,0.4666666666666667,False,1,0
2024-11-04,bb,0.3,0.20112179487179488,0.4666666666666667,False,1,0
2024-11-04,ema,0.3,0.1955128205128205,0.5333333333333333,False,1,0
2024-11-04,volume,0.3,0.20112179487179488,0.4666666666666667,False,1,0
2024-11-05,rsi,0.42747999999999997,0.19885900570497145,0.5333333333333333,False,0,0
2024-11-05,macd,0.42747999999999997,0.19885900570497145,0.5333333333333333,False,0,0
2024-11-05,bb,0.42747999999999997,0.19885900570497145,0.5333333333333333,False,0,0
2024-11-05,ema,0.42747999999999997,0.2045639771801141,0.4666666666666667,False,0,0
2024-11-05,volume,0.42747999999999997,0.19885900570497145,0.5333333333333333,False,0,0
2024-11-06,rsi,0.353522928,0.20112179487179488,0.4666666666666667,False,1,0
2024-11-06,macd,0.353522928,0.20112179487179488,0.4666666666666667,False,1,0
2024-11-06,bb,0.353522928,0.20112179487179488,0.4666666666666667,False,1,0
2024-11-06,ema,0.353522928,0.19551282051282054,0.5333333333333333,False,1,0
2024-11-06,volume,0.353522928,0.20112179487179488,0.4666666666666667,False,1,0
2024-11-07,rsi,0.47049102494080003,0.19885900570497145,0.5333333333333333,False,0,0
2024-11-07,macd,0.47049102494080003,0.19885900570497145,0.5333333333333333,False,0,0
2024-11-07,bb,0.47049102494080003,0.19885900570497145,0.5333333333333333,False,0,0
2024-11-07,ema,0.47049102494080003,0.20456397718011407,0.4666666666666667,False,0,0
2024-11-07,volume,0.47049102494080003,0.19885900570497145,0.5333333333333333,False,0,0
2024-11-08,rsi,0.47628658764242693,0.20112179487179485,0.4666666666666667,False,0,0
2024-11-08,macd,0.47628658764242693,0.20112179487179485,0.4666666666666667,False,0,0
2024-11-08,bb,0.47628658764242693,0.20112179487179485,0.4666666666666667,False,0,0
2024-11-08,ema,0.47628658764242693,0.1955128205128205,0.5333333333333333,False,0,0
2024-11-08,volume,0.47628658764242693,0.20112179487179485,0.4666666666666667,False,0,0
2024-11-11,rsi,0.3927439018294543,0.1988590057049715,0.5333333333333333,False,1,0
2024-11-11,macd,0.3927439018294543,0.1988590057049715,0.5333333333333333,False,1,0
2024-11-11,bb,0.3927439018294543,0.1988590057049715,0.5333333333333333,False,1,0
2024-11-11,ema,0.3927439018294543,0.2045639771801141,0.4666666666666667,False,1,0
2024-11-11,volume,0.3927439018294543,0.1988590057049715,0.5333333333333333,False,1,0
2024-11-12,rsi,0.4138089995101495,0.2011217948717949,0.4666666666666667,False,0,0
2024-11-12,macd,0.4138089995101495,0.2011217948717949,0.4666666666666667,False,0,0
2024-11-12,bb,0.4138089995101495,0.2011217948717949,0.4666666666666667,False,0,0
2024-11-12,ema,0.4138089995101495,0.19551282051282054,0.5333333333333333,False,0,0
2024-11-12,volume,0.4138089995101495,0.2011217948717949,0.4666666666666667,False,0,0
2024-11-13,rsi,0.518936912006356,0.19885900570497148,0.5333333333333333,False,0,0
2024-11-13,macd,0.518936912006356,0.19885900570497148,0.5333333333333333,False,0,0
2024-11-13,bb,0.518936912006356,0.19885900570497148,0.5333333333333333,False,0,0
2024-11-13,ema,0.518936912006356,0.2045639771801141,0.4666666666666667,False,0,0
2024-11-13,volume,0.518936912006356,0.19885900570497148,0.5333333333333333,False,0,0
2024-11-14,rsi,0.6034177024883077,0.20112179487179488,0.4666666666666667,False,0,0
2024-11-14,macd,0.6034177024883077,0.20112179487179488,0.4666666666666667,False,0,0
2024-11-14,bb,0.6034177024883077,0.20112179487179488,0.4666666666666667,False,0,0
2024-11-14,ema,0.6034177024883077,0.19551282051282054,0.5333333333333333,False,0,0
2024-11-14,volume,0.6034177024883077,0.20112179487179488,0.4666666666666667,False,0,0
2024-11-15,rsi,0.4949064657196041,0.1988590057049715,0.5333333333333333,False,0,0
2024-11-15,macd,0.4949064657196041,0.1988590057049715,0.5333333333333333,False,0,0
2024-11-15,bb,0.4949064657196041,0.1988590057049715,0.5333333333333333,False,0,0
2024-11-15,ema,0.4949064657196041,0.2045639771801141,0.4666666666666667,False,0,0
2024-11-15,volume,0.4949064657196041,0.1988590057049715,0.5333333333333333,False,0,0
2024-11-18,rsi,0.5841068358522739,0.20112179487179488,0.4666666666666667,False,0,0
2024-11-18,macd,0.5841068358522739,0.20112179487179488,0.4666666666666667,False,0,0
2024-11-18,bb,0.5841068358522739,0.20112179487179488,0.4666666666666667,False,0,0
2024-11-18,ema,0.5841068358522739,0.1955128205128205,0.5333333333333333,False,0,0
2024-11-18,volume,0.5841068358522739,0.20112179487179488,0.4666666666666667,False,0,0
2024-11-19,rsi,0.5675882532908874,0.19885900570497148,0.5333333333333333,False,0,0
2024-11-19,macd,0.5675882532908874,0.19885900570497148,0.5333333333333333,False,0,0
2024-11-19,bb,0.5675882532908874,0.19885900570497148,0.5333333333333333,False,0,0
2024-11-19,ema,0.5675882532908874,0.2045639771801141,0.4666666666666667,False,0,0
2024-11-19,volume,0.5675882532908874,0.19885900570497148,0.5333333333333333,False,0,0
2024-11-20,rsi,0.6425139203445571,0.20112179487179485,0.4666666666666667,False,0,0
2024-11-20,macd,0.6425139203445571,0.20112179487179485,0.4666666666666667,False,0,0
2024-11-20,bb,0.6425139203445571,0.20112179487179485,0.4666666666666667,False,0,0
2024-11-20,ema,0.6425139203445571,0.1955128205128205,0.5333333333333333,False,0,0
2024-11-20,volume,0.6425139203445571,0.20112179487179485,0.4666666666666667,False,0,0
2024-11-21,rsi,0.5263241863888861,0.19885900570497148,0.5333333333333333,False,0,0
2024-11-21,macd,0.5263241863888861,0.19885900570497148,0.5333333333333333,False,0,0
2024-11-21,bb,0.5263241863888861,0.19885900570497148,0.5333333333333333,False,0,0
2024-11-21,ema,0.5263241863888861,0.2045639771801141,0.4666666666666667,False,0,0
2024-11-21,volume,0.5263241863888861,0.19885900570497148,0.5333333333333333,False,0,0
2024-11-22,rsi,0.6093541161821089,0.20112179487179485,0.4666666666666667,False,0,0
2024-11-22,macd,0.6093541161821089,0.20112179487179485,0.4666666666666667,False,0,0
2024-11-22,bb,0.6093541161821089,0.20112179487179485,0.4666666666666667,False,0,0
2024-11-22,ema,0.6093541161821089,0.1955128205128205,0.5333333333333333,False,0,0
2024-11-22,volume,0.6093541161821089,0.20112179487179485,0.4666666666666667,False,0,0
2024-11-25,rsi,0.6760769677639428,0.19885900570497145,0.5333333333333333,False,0,0
2024-11-25,macd,0.6760769677639428,0.19885900570497145,0.5333333333333333,False,0,0
2024-11-25,bb,0.6760769677639428,0.19885900570497145,0.5333333333333333,False,0,0
2024-11-25,ema,0.6760769677639428,0.20456397718011407,0.4666666666666667,False,0,0
2024-11-25,volume,0.6760769677639428,0.19885900570497145,0.5333333333333333,False,0,0
2024-11-26,rsi,0.7296954512951045,0.20112179487179488,0.4666666666666667,False,0,0
2024-11-26,macd,0.7296954512951045,0.20112179487179488,0.4666666666666667,False,0,0
2024-11-26,bb,0.7296954512951045,0.20112179487179488,0.4666666666666667,False,0,0
2024-11-26,ema,0.7296954512951045,0.1955128205128205,0.5333333333333333,False,0,0
2024-11-26,volume,0.7296954512951045,0.20112179487179488,0.4666666666666667,False,0,0
2024-11-27,rsi,0.6845832646607459,0.19885900570497148,0.5333333333333333,False,0,0
2024-11-27,macd,0.6845832646607459,0.19885900570497148,0.5333333333333333,False,0,0
2024-11-27,bb,0.6845832646607459,0.19885900570497148,0.5333333333333333,False,0,0
2024-11-27,ema,0.6845832646607459,0.20456397718011407,0.4666666666666667,False,0,0
2024-11-27,volume,0.6845832646607459,0.19885900570497148,0.5333333333333333,False,0,0
2024-11-29,rsi,0.7365311114813754,0.20112179487179488,0.4666666666666667,False,0,0
2024-11-29,macd,0.7365311114813754,0.20112179487179488,0.4666666666666667,False,0,0
2024-11-29,bb,0.7365311114813754,0.20112179487179488,0.4666666666666667,False,0,0
2024-11-29,ema,0.7365311114813754,0.1955128205128205,0.5333333333333333,False,0,0
2024-11-29,volume,0.7365311114813754,0.20112179487179488,0.4666666666666667,False,0,0
2024-12-02,rsi,0.7782764011864333,0.1988590057049715,0.5333333333333333,False,0,0
2024-12-02,macd,0.7782764011864333,0.1988590057049715,0.5333333333333333,False,0,0
2024-12-02,bb,0.7782764011864333,0.1988590057049715,0.5333333333333333,False,0,0
2024-12-02,ema,0.7782764011864333,0.2045639771801141,0.4666666666666667,False,0,0
2024-12-02,volume,0.7782764011864333,0.1988590057049715,0.5333333333333333,False,0,0
2024-12-03,rsi,0.8118229159934178,0.2011217948717949,0.4666666666666667,False,0,0
2024-12-03,macd,0.8118229159934178,0.2011217948717949,0.4666666666666667,False,0,0
2024-12-03,bb,0.8118229159934178,0.2011217948717949,0.4666666666666667,False,0,0
2024-12-03,ema,0.8118229159934178,0.19551282051282054,0.5333333333333333,False,0,0
2024-12-03,volume,0.8118229159934178,0.2011217948717949,0.4666666666666667,False,0,0
2024-12-04,rsi,0.7505808952923105,0.19885900570497148,0.5333333333333333,False,0,0
2024-12-04,macd,0.7505808952923105,0.19885900570497148,0.5333333333333333,False,0,0
2024-12-04,bb,0.7505808952923105,0.19885900570497148,0.5333333333333333,False,0,0
2024-12-04,ema,0.7505808952923105,0.2045639771801141,0.4666666666666667,False,0,0
2024-12-04,volume,0.7505808952923105,0.19885900570497148,0.5333333333333333,False,0,0
2024-12-05,rsi,0.7013668074569008,0.20112179487179488,0.4666666666666667,False,0,0
2024-12-05,macd,0.7013668074569008,0.20112179487179488,0.4666666666666667,False,0,0
2024-12-05,bb,0.7013668074569008,0.20112179487179488,0.4666666666666667,False,0,0
2024-12-05,ema,0.7013668074569008,0.19551282051282048,0.5333333333333333,False,0,0
2024-12-05,volume,0.7013668074569008,0.20112179487179488,0.4666666666666667,False,0,0
2024-12-06,rsi,0.6618183664723656,0.19885900570497145,0.5333333333333333,False,0,0
2024-12-06,macd,0.6618183664723656,0.19885900570497145,0.5333333333333333,False,0,0
2024-12-06,bb,0.6618183664723656,0.19885900570497145,0.5333333333333333,False,0,0
2024-12-06,ema,0.6618183664723656,0.20456397718011407,0.4666666666666667,False,0,0
2024-12-06,volume,0.6618183664723656,0.19885900570497145,0.5333333333333333,False,0,0
2024-12-09,rsi,0.718237239297193,0.20112179487179488,0.4666666666666667,False,0,0
2024-12-09,macd,0.718237239297193,0.20112179487179488,0.4666666666666667,False,0,0
2024-12-09,bb,0.718237239297193,0.20112179487179488,0.4666666666666667,False,0,0
2024-12-09,ema,0.718237239297193,0.19551282051282054,0.5333333333333333,False,0,0
2024-12-09,volume,0.718237239297193,0.20112179487179488,0.4666666666666667,False,0,0
2024-12-10,rsi,0.7635754454992243,0.19885900570497148,0.5333333333333333,False,0,0
2024-12-10,macd,0.7635754454992243,0.19885900570497148,0.5333333333333333,False,0,0
2024-12-10,bb,0.7635754454992243,0.19885900570497148,0.5333333333333333,False,0,0
2024-12-10,ema,0.7635754454992243,0.20456397718011407,0.4666666666666667,False,0,0
2024-12-10,volume,0.7635754454992243,0.19885900570497148,0.5333333333333333,False,0,0
2024-12-11,rsi,0.6236092280031766,0.20112179487179488,0.4666666666666667,False,0,0
2024-12-11,macd,0.6236092280031766,0.20112179487179488,0.4666666666666667,False,0,0
2024-12-11,bb,0.6236092280031766,0.20112179487179488,0.4666666666666667,False,0,0
2024-12-11,ema,0.6236092280031766,0.1955128205128205,0.5333333333333333,False,0,0
2024-12-11,volume,0.6236092280031766,0.20112179487179488,0.4666666666666667,False,0,0
2024-12-12,rsi,0.6875323756233528,0.19885900570497145,0.5333333333333333,False,0,0
2024-12-12,macd,0.6875323756233528,0.19885900570497145,0.5333333333333333,False,0,0
2024-12-12,bb,0.6875323756233528,0.19885900570497145,0.5333333333333333,False,0,0
2024-12-12,ema,0.6875323756233528,0.20456397718011407,0.4666666666666667,False,0,0
2024-12-12,volume,0.6875323756233528,0.19885900570497145,0.5333333333333333,False,0,0
2024-12-13,rsi,0.6507010170509263,0.20112179487179485,0.4666666666666667,False,0,0
2024-12-13,macd,0.6507010170509263,0.20112179487179485,0.4666666666666667,False,0,0
2024-12-13,bb,0.6507010170509263,0.20112179487179485,0.4666666666666667,False,0,0
2024-12-13,ema,0.6507010170509263,0.19551282051282048,0.5333333333333333,False,0,0
2024-12-13,volume,0.6507010170509263,0.20112179487179485,0.4666666666666667,False,0,0
2024-12-16,rsi,0.7093033373021244,0.1988590057049715,0.5333333333333333,False,0,0
2024-12-16,macd,0.7093033373021244,0.1988590057049715,0.5333333333333333,False,0,0
2024-12-16,bb,0.7093033373021244,0.1988590057049715,0.5333333333333333,False,0,0
2024-12-16,ema,0.7093033373021244,0.20456397718011413,0.4666666666666667,False,0,0
2024-12-16,volume,0.7093033373021244,0.1988590057049715,0.5333333333333333,False,0,0
2024-12-17,rsi,0.7563961618559872,0.20112179487179488,0.4666666666666667,False,0,0
2024-12-17,macd,0.7563961618559872,0.20112179487179488,0.4666666666666667,False,0,0
2024-12-17,bb,0.7563961618559872,0.20112179487179488,0.4666666666666667,False,0,0
2024-12-17,ema,0.7563961618559872,0.19551282051282048,0.5333333333333333,False,0,0
2024-12-17,volume,0.7563961618559872,0.20112179487179488,0.4666666666666667,False,0,0
2024-12-18,rsi,0.6178399556674714,0.1988590057049715,0.5333333333333333,False,0,0
2024-12-18,macd,0.6178399556674714,0.1988590057049715,0.5333333333333333,False,0,0
2024-12-18,bb,0.6178399556674714,0.1988590057049715,0.5333333333333333,False,0,0
2024-12-18,ema,0.6178399556674714,0.20456397718011413,0.4666666666666667,False,0,0
2024-12-18,volume,0.6178399556674714,0.1988590057049715,0.5333333333333333,False,0,0
2024-12-19,rsi,0.6828961883743799,0.20112179487179485,0.4666666666666667,False,0,0
2024-12-19,macd,0.6828961883743799,0.20112179487179485,0.4666666666666667,False,0,0
2024-12-19,bb,0.6828961883743799,0.20112179487179485,0.4666666666666667,False,0,0
2024-12-19,ema,0.6828961883743799,0.1955128205128205,0.5333333333333333,False,0,0
2024-12-19,volume,0.6828961883743799,0.20112179487179485,0.4666666666666667,False,0,0
2024-12-20,rsi,0.7351753769776518,0.1988590057049715,0.5333333333333333,False,0,0
2024-12-20,macd,0.7351753769776518,0.1988590057049715,0.5333333333333333,False,0,0
2024-12-20,bb,0.7351753769776518,0.1988590057049715,0.5333333333333333,False,0,0
2024-12-20,ema,0.7351753769776518,0.2045639771801141,0.4666666666666667,False,0,0
2024-12-20,volume,0.7351753769776518,0.1988590057049715,0.5333333333333333,False,0,0
2024-12-23,rsi,0.777186932939241,0.20112179487179488,0.4666666666666667,False,0,0
2024-12-23,macd,0.777186932939241,0.20112179487179488,0.4666666666666667,False,0,0
2024-12-23,bb,0.777186932939241,0.20112179487179488,0.4666666666666667,False,0,0
2024-12-23,ema,0.777186932939241,0.19551282051282054,0.5333333333333333,False,0,0
2024-12-23,volume,0.777186932939241,0.20112179487179488,0.4666666666666667,False,0,0
2024-12-24,rsi,0.8109474193099742,0.19885900570497148,0.5333333333333333,False,0,0
2024-12-24,macd,0.8109474193099742,0.19885900570497148,0.5333333333333333,False,0,0
2024-12-24,bb,0.8109474193099742,0.19885900570497148,0.5333333333333333,False,0,0
2024-12-24,ema,0.8109474193099742,0.20456397718011407,0.4666666666666667,False,0,0
2024-12-24,volume,0.8109474193099742,0.19885900570497148,0.5333333333333333,False,0,0
2024-12-26,rsi,0.8380773461574953,0.20112179487179485,0.4666666666666667,False,0,0
2024-12-26,macd,0.8380773461574953,0.20112179487179485,0.4666666666666667,False,0,0
2024-12-26,bb,0.8380773461574953,0.20112179487179485,0.4666666666666667,False,0,0
2024-12-26,ema,0.8380773461574953,0.1955128205128205,0.5333333333333333,False,0,0
2024-12-26,volume,0.8380773461574953,0.20112179487179485,0.4666666666666667,False,0,0
2024-12-27,rsi,0.6834789553721632,0.1988590057049715,0.5333333333333333,False,0,0
2024-12-27,macd,0.6834789553721632,0.1988590057049715,0.5333333333333333,False,0,0
2024-12-27,bb,0.6834789553721632,0.1988590057049715,0.5333333333333333,False,0,0
2024-12-27,ema,0.6834789553721632,0.2045639771801141,0.4666666666666667,False,0,0
2024-12-27,volume,0.6834789553721632,0.1988590057049715,0.5333333333333333,False,0,0
2024-12-30,rsi,0.5592436885370703,0.20112179487179488,0.4666666666666667,False,0,0
2024-12-30,macd,0.5592436885370703,0.20112179487179488,0.4666666666666667,False,0,0
2024-12-30,bb,0.5592436885370703,0.20112179487179488,0.4666666666666667,False,0,0
2024-12-30,ema,0.5592436885370703,0.1955128205128205,0.5333333333333333,False,0,0
2024-12-30,volume,0.5592436885370703,0.20112179487179488,0.4666666666666667,False,0,0
